id,customer_id,order_ts,status,onlineorderflag
50001,341,2025-04-05 10:00:00,completed,True
50002,144,2025-04-01 09:00:00,pending,True
50003,133,2025-01-19 20:00:00,cancelled,True
50004,66,2024-03-11 16:00:00,completed,True
50005,3,2024-05-29 12:00:00,completed,False
50006,251,2024-12-04 10:00:00,completed,True
50007,494,2025-05-14 16:00:00,pending,False
50008,111,2025-02-11 18:00:00,completed,True
50009,221,2024-07-29 11:00:00,completed,True
50010,468,2024-04-27 00:00:00,cancelled,True
50011,387,2025-04-25 02:00:00,pending,False
50012,3,2024-05-18 03:00:00,completed,True
50013,251,2024-06-20 11:00:00,completed,True
50014,72,2025-04-27 14:00:00,completed,True
50015,124,2024-10-07 19:00:00,completed,False
50016,124,2024-05-12 05:00:00,completed,True
50017,307,2024-01-03 18:00:00,completed,True
50018,100,2024-08-02 15:00:00,completed,False
50019,126,2025-05-08 01:00:00,completed,True
50020,113,2024-08-04 08:00:00,completed,True
50021,179,2024-12-15 07:00:00,completed,False
50022,329,2024-05-06 21:00:00,pending,True
50023,200,2025-01-22 22:00:00,completed,True
50024,164,2025-01-22 19:00:00,pending,True
50025,259,2024-10-31 12:00:00,completed,True
50026,308,2025-01-20 11:00:00,completed,False
50027,8,2024-10-16 07:00:00,pending,True
50028,446,2024-07-08 18:00:00,completed,True
50029,459,2025-01-03 02:00:00,completed,True
50030,302,2025-02-21 06:00:00,completed,True
50031,288,2025-02-24 03:00:00,completed,True
50032,348,2024-04-16 11:00:00,completed,True
50033,221,2024-12-04 07:00:00,completed,False
50034,183,2024-01-03 04:00:00,completed,True
50035,177,2024-10-12 09:00:00,completed,False
50036,80,2024-10-12 20:00:00,completed,True
50037,421,2024-06-30 13:00:00,completed,True
50038,161,2025-05-12 19:00:00,completed,False
50039,143,2025-03-17 21:00:00,completed,False
50040,483,2024-01-20 21:00:00,completed,True
50041,254,2024-04-14 08:00:00,completed,True
50042,311,2024-04-13 21:00:00,completed,False
50043,123,2025-03-24 21:00:00,completed,True
50044,139,2024-09-16 23:00:00,completed,True
50045,365,2024-12-30 08:00:00,completed,True
50046,226,2025-02-08 05:00:00,cancelled,True
50047,74,2025-01-18 14:00:00,pending,True
50048,418,2024-02-14 22:00:00,completed,True
50049,202,2024-03-11 21:00:00,completed,False
50050,335,2024-07-16 13:00:00,completed,True
50051,171,2024-06-18 03:00:00,pending,True
50052,281,2025-01-08 10:00:00,completed,False
50053,388,2024-03-19 17:00:00,completed,True
50054,443,2024-07-04 13:00:00,completed,True
50055,104,2024-04-28 08:00:00,completed,True
50056,337,2024-04-04 08:00:00,pending,True
50057,458,2024-03-27 01:00:00,pending,True
50058,322,2024-04-07 06:00:00,completed,False
50059,72,2024-10-09 16:00:00,completed,False
50060,95,2024-07-24 05:00:00,completed,True
50061,102,2024-08-05 23:00:00,completed,True
50062,54,2024-08-27 01:00:00,pending,False
50063,377,2025-01-05 14:00:00,completed,True
50064,483,2025-03-06 11:00:00,completed,False
50065,259,2024-09-20 19:00:00,completed,True
50066,300,2024-11-17 21:00:00,completed,False
50067,387,2025-01-04 13:00:00,completed,False
50068,208,2024-12-11 15:00:00,completed,True
50069,237,2024-03-08 16:00:00,pending,True
50070,295,2025-05-06 12:00:00,completed,False
50071,153,2024-03-23 04:00:00,completed,True
50072,31,2024-07-24 10:00:00,completed,True
50073,284,2024-11-22 05:00:00,completed,True
50074,412,2024-07-20 11:00:00,completed,True
50075,37,2024-05-01 14:00:00,completed,True
50076,109,2025-04-06 05:00:00,completed,True
50077,132,2024-02-05 05:00:00,completed,True
50078,403,2024-05-02 19:00:00,completed,False
50079,253,2025-05-11 09:00:00,completed,True
50080,268,2024-12-30 04:00:00,pending,True
50081,323,2024-02-13 17:00:00,cancelled,True
50082,139,2025-01-12 17:00:00,completed,False
50083,357,2025-04-29 19:00:00,completed,True
50084,16,2024-02-18 18:00:00,completed,False
50085,57,2024-07-26 23:00:00,cancelled,True
50086,408,2024-08-22 13:00:00,completed,True
50087,330,2024-03-06 06:00:00,completed,False
50088,89,2024-04-10 20:00:00,completed,False
50089,220,2024-03-27 06:00:00,pending,True
50090,26,2024-04-02 06:00:00,completed,True
50091,336,2024-07-20 19:00:00,completed,True
50092,378,2024-08-19 21:00:00,completed,True
50093,140,2024-04-28 08:00:00,completed,False
50094,176,2024-05-24 17:00:00,pending,False
50095,119,2024-04-06 22:00:00,completed,True
50096,195,2025-02-02 19:00:00,completed,True
50097,137,2024-04-15 00:00:00,completed,True
50098,124,2025-03-29 15:00:00,completed,True
50099,216,2024-09-26 04:00:00,completed,False
50100,430,2025-02-05 20:00:00,completed,True
50101,382,2024-11-14 01:00:00,cancelled,True
50102,149,2024-05-13 23:00:00,completed,True
50103,472,2024-10-27 04:00:00,completed,False
50104,106,2024-05-17 10:00:00,completed,True
50105,456,2024-02-29 05:00:00,completed,True
50106,155,2024-05-07 19:00:00,completed,True
50107,271,2024-05-17 09:00:00,completed,True
50108,102,2024-03-08 17:00:00,completed,True
50109,382,2024-01-12 01:00:00,completed,True
50110,159,2025-04-16 10:00:00,completed,True
50111,437,2024-09-13 21:00:00,completed,True
50112,42,2024-07-20 22:00:00,completed,False
50113,252,2025-04-09 05:00:00,completed,True
50114,80,2024-04-22 09:00:00,pending,True
50115,445,2024-07-20 09:00:00,completed,True
50116,209,2025-02-27 13:00:00,completed,False
50117,338,2024-11-12 12:00:00,completed,False
50118,440,2024-07-18 02:00:00,completed,False
50119,268,2024-05-07 18:00:00,completed,True
50120,29,2024-01-18 05:00:00,completed,True
50121,111,2024-02-12 07:00:00,completed,True
50122,107,2024-03-21 20:00:00,completed,True
50123,458,2025-01-28 16:00:00,completed,True
50124,455,2024-11-15 09:00:00,completed,True
50125,239,2024-08-04 21:00:00,completed,True
50126,446,2025-01-26 09:00:00,completed,True
50127,124,2024-03-21 13:00:00,completed,True
50128,340,2024-04-15 05:00:00,completed,True
50129,196,2024-07-15 04:00:00,completed,False
50130,121,2025-04-03 11:00:00,completed,True
50131,126,2024-11-03 13:00:00,completed,False
50132,210,2025-03-01 19:00:00,pending,True
50133,170,2024-05-04 09:00:00,completed,False
50134,106,2025-02-28 21:00:00,completed,False
50135,168,2024-02-06 14:00:00,pending,True
50136,65,2024-04-23 01:00:00,completed,False
50137,485,2024-09-18 17:00:00,completed,True
50138,190,2024-01-26 13:00:00,completed,True
50139,54,2025-03-05 09:00:00,completed,False
50140,288,2025-03-09 11:00:00,completed,True
50141,442,2024-09-27 07:00:00,completed,True
50142,180,2024-06-01 14:00:00,completed,True
50143,423,2024-02-19 13:00:00,completed,True
50144,306,2024-11-05 10:00:00,completed,True
50145,370,2024-09-25 06:00:00,completed,True
50146,149,2025-01-14 09:00:00,completed,True
50147,19,2024-10-28 11:00:00,completed,True
50148,173,2024-03-05 11:00:00,completed,True
50149,463,2024-03-01 07:00:00,pending,True
50150,396,2025-01-25 13:00:00,completed,True
50151,393,2024-03-20 05:00:00,completed,True
50152,440,2025-04-14 12:00:00,completed,True
50153,187,2024-02-22 02:00:00,completed,False
50154,162,2024-12-30 11:00:00,completed,False
50155,463,2025-05-02 18:00:00,pending,True
50156,286,2024-08-08 19:00:00,completed,True
50157,149,2024-01-29 16:00:00,completed,False
50158,140,2025-03-14 17:00:00,cancelled,False
50159,439,2024-04-03 01:00:00,completed,True
50160,27,2024-09-20 08:00:00,pending,True
50161,31,2025-05-07 15:00:00,completed,True
50162,369,2025-01-07 19:00:00,completed,True
50163,1,2024-01-24 13:00:00,pending,False
50164,86,2025-02-14 20:00:00,completed,True
50165,496,2024-03-21 06:00:00,completed,True
50166,213,2025-01-09 03:00:00,completed,True
50167,364,2024-11-06 02:00:00,completed,False
50168,244,2024-05-23 13:00:00,completed,True
50169,46,2024-07-30 15:00:00,completed,False
50170,93,2024-02-28 06:00:00,completed,True
50171,381,2025-05-08 18:00:00,completed,True
50172,48,2024-04-29 17:00:00,completed,True
50173,298,2024-06-03 08:00:00,completed,True
50174,175,2024-09-08 05:00:00,completed,False
50175,186,2024-12-02 17:00:00,completed,True
50176,477,2024-09-09 16:00:00,completed,True
50177,303,2024-09-09 04:00:00,completed,True
50178,308,2024-10-18 06:00:00,completed,True
50179,176,2025-03-04 11:00:00,completed,True
50180,191,2024-07-16 12:00:00,completed,False
50181,343,2025-02-20 03:00:00,completed,True
50182,20,2025-01-28 22:00:00,cancelled,True
50183,119,2025-04-25 09:00:00,pending,True
50184,301,2025-04-01 09:00:00,completed,True
50185,312,2025-02-03 01:00:00,cancelled,True
50186,47,2024-05-03 21:00:00,pending,True
50187,394,2025-01-22 05:00:00,completed,True
50188,272,2025-01-03 23:00:00,completed,False
50189,119,2024-05-24 11:00:00,completed,False
50190,376,2024-12-04 20:00:00,completed,False
50191,496,2024-05-06 04:00:00,completed,True
50192,212,2024-09-18 03:00:00,completed,True
50193,142,2025-02-02 19:00:00,completed,False
50194,150,2024-04-04 19:00:00,cancelled,True
50195,297,2024-06-17 13:00:00,completed,True
50196,24,2025-02-01 00:00:00,completed,True
50197,242,2024-08-14 22:00:00,completed,False
50198,13,2025-04-25 09:00:00,completed,True
50199,20,2024-01-04 22:00:00,pending,True
50200,216,2024-12-26 20:00:00,completed,True
50201,373,2025-02-11 20:00:00,completed,True
50202,442,2025-04-03 16:00:00,completed,True
50203,44,2024-03-19 16:00:00,completed,True
50204,123,2025-05-07 12:00:00,completed,True
50205,211,2024-07-15 00:00:00,completed,False
50206,288,2024-06-25 09:00:00,completed,False
50207,494,2024-06-26 17:00:00,completed,True
50208,343,2024-11-15 19:00:00,completed,False
50209,270,2024-11-25 13:00:00,completed,True
50210,31,2024-08-24 17:00:00,completed,False
50211,41,2024-02-05 00:00:00,completed,True
50212,77,2025-05-08 11:00:00,completed,True
50213,331,2024-04-21 12:00:00,completed,True
50214,166,2024-02-16 21:00:00,cancelled,True
50215,121,2024-10-25 07:00:00,completed,True
50216,336,2024-07-25 05:00:00,completed,True
50217,408,2024-11-03 08:00:00,completed,True
50218,220,2025-03-13 04:00:00,completed,True
50219,441,2024-02-18 13:00:00,completed,True
50220,368,2024-05-22 15:00:00,completed,False
50221,359,2024-09-15 19:00:00,completed,True
50222,434,2025-01-28 23:00:00,completed,False
50223,92,2024-10-27 01:00:00,completed,True
50224,380,2024-07-10 05:00:00,completed,True
50225,479,2024-11-01 07:00:00,completed,True
50226,497,2025-05-04 05:00:00,completed,True
50227,290,2024-08-28 19:00:00,completed,True
50228,378,2025-03-17 03:00:00,completed,False
50229,445,2025-01-24 00:00:00,completed,True
50230,427,2024-05-30 20:00:00,pending,False
50231,449,2024-05-04 23:00:00,completed,True
50232,417,2025-01-20 05:00:00,completed,True
50233,191,2024-04-13 07:00:00,completed,True
50234,366,2024-06-17 12:00:00,completed,False
50235,206,2024-04-27 12:00:00,completed,True
50236,401,2024-10-30 23:00:00,pending,True
50237,406,2024-05-27 09:00:00,completed,True
50238,468,2024-11-25 00:00:00,completed,True
50239,295,2025-04-12 10:00:00,completed,False
50240,238,2025-02-18 13:00:00,completed,False
50241,83,2025-04-18 12:00:00,pending,False
50242,320,2024-01-13 12:00:00,completed,False
50243,284,2024-08-15 22:00:00,completed,False
50244,258,2024-04-20 19:00:00,completed,True
50245,339,2025-04-03 06:00:00,completed,True
50246,426,2024-12-21 08:00:00,completed,True
50247,75,2024-06-09 16:00:00,completed,True
50248,216,2024-10-08 09:00:00,completed,True
50249,362,2024-10-29 10:00:00,completed,True
50250,410,2024-09-04 04:00:00,completed,False
50251,390,2024-08-25 06:00:00,completed,False
50252,400,2024-01-28 17:00:00,completed,True
50253,428,2024-08-14 20:00:00,completed,False
50254,481,2024-06-23 18:00:00,completed,True
50255,305,2025-02-13 07:00:00,completed,True
50256,125,2025-03-08 03:00:00,cancelled,True
50257,282,2025-01-10 03:00:00,completed,True
50258,355,2024-01-16 09:00:00,completed,True
50259,51,2025-02-24 12:00:00,completed,True
50260,379,2024-07-17 21:00:00,completed,True
50261,273,2024-07-27 21:00:00,completed,True
50262,469,2025-04-17 00:00:00,pending,False
50263,106,2025-03-09 16:00:00,completed,True
50264,454,2024-01-26 07:00:00,completed,True
50265,225,2024-06-28 04:00:00,completed,True
50266,287,2025-01-09 13:00:00,completed,True
50267,331,2024-09-26 00:00:00,completed,True
50268,290,2024-05-08 08:00:00,completed,True
50269,452,2024-09-19 13:00:00,completed,True
50270,84,2025-03-09 06:00:00,completed,True
50271,365,2024-04-21 14:00:00,completed,True
50272,488,2025-01-08 11:00:00,completed,True
50273,111,2025-01-02 19:00:00,completed,True
50274,128,2025-03-18 04:00:00,completed,True
50275,238,2024-05-28 01:00:00,completed,True
50276,363,2024-04-17 12:00:00,completed,True
50277,480,2024-09-30 06:00:00,completed,True
50278,398,2024-09-22 16:00:00,completed,True
50279,398,2024-07-23 02:00:00,completed,True
50280,221,2025-01-24 13:00:00,completed,True
50281,323,2025-02-03 23:00:00,completed,True
50282,106,2024-05-02 02:00:00,completed,True
50283,232,2025-02-01 07:00:00,completed,True
50284,95,2024-04-25 20:00:00,completed,False
50285,14,2024-07-22 12:00:00,pending,False
50286,429,2024-01-14 04:00:00,pending,False
50287,403,2024-06-19 05:00:00,completed,True
50288,256,2025-04-24 18:00:00,completed,True
50289,8,2024-08-09 20:00:00,completed,True
50290,46,2024-12-21 08:00:00,cancelled,True
50291,56,2024-02-23 11:00:00,completed,True
50292,359,2024-11-13 18:00:00,completed,True
50293,102,2024-07-04 04:00:00,completed,True
50294,126,2025-01-06 04:00:00,completed,True
50295,431,2025-04-09 18:00:00,completed,True
50296,439,2024-09-22 04:00:00,completed,True
50297,382,2024-02-21 18:00:00,completed,False
50298,155,2024-08-26 11:00:00,completed,True
50299,290,2024-03-02 23:00:00,pending,True
50300,101,2024-08-12 00:00:00,completed,False
50301,429,2024-01-31 22:00:00,completed,True
50302,43,2024-11-16 05:00:00,completed,True
50303,373,2024-06-04 00:00:00,completed,True
50304,256,2024-04-10 17:00:00,pending,True
50305,379,2024-01-09 12:00:00,completed,True
50306,226,2025-03-20 20:00:00,completed,False
50307,80,2025-02-22 02:00:00,pending,False
50308,376,2025-02-09 01:00:00,completed,False
50309,316,2024-01-30 13:00:00,completed,False
50310,233,2024-06-23 21:00:00,completed,True
50311,187,2025-04-30 09:00:00,completed,False
50312,172,2024-10-16 19:00:00,completed,True
50313,241,2024-03-05 21:00:00,completed,True
50314,131,2024-03-11 20:00:00,cancelled,False
50315,142,2024-05-11 12:00:00,completed,False
50316,140,2025-05-01 16:00:00,completed,False
50317,7,2024-03-25 12:00:00,completed,True
50318,464,2025-03-27 16:00:00,completed,True
50319,119,2024-12-05 13:00:00,pending,True
50320,83,2025-04-05 12:00:00,completed,True
50321,76,2025-02-17 10:00:00,completed,False
50322,495,2024-06-15 15:00:00,completed,False
50323,239,2025-02-17 18:00:00,completed,True
50324,164,2024-03-25 22:00:00,pending,True
50325,202,2024-05-25 14:00:00,completed,True
50326,45,2024-04-15 02:00:00,completed,True
50327,157,2024-03-07 14:00:00,completed,True
50328,125,2024-02-15 07:00:00,completed,False
50329,402,2024-04-03 00:00:00,completed,True
50330,30,2024-03-01 01:00:00,completed,False
50331,213,2024-07-09 14:00:00,completed,True
50332,396,2024-02-05 22:00:00,completed,False
50333,417,2024-01-31 12:00:00,completed,True
50334,257,2025-05-09 10:00:00,completed,True
50335,112,2024-02-13 02:00:00,completed,True
50336,169,2024-02-07 16:00:00,completed,False
50337,112,2024-01-16 01:00:00,completed,False
50338,332,2024-03-07 20:00:00,completed,True
50339,147,2024-09-20 19:00:00,completed,True
50340,316,2025-02-17 23:00:00,completed,True
50341,328,2025-01-02 06:00:00,pending,False
50342,470,2024-10-17 03:00:00,completed,True
50343,186,2024-02-12 07:00:00,completed,True
50344,481,2025-01-22 19:00:00,cancelled,True
50345,201,2024-01-19 05:00:00,completed,True
50346,341,2024-11-11 21:00:00,completed,False
50347,331,2024-07-23 03:00:00,completed,False
50348,409,2025-03-17 01:00:00,completed,False
50349,235,2024-06-02 05:00:00,completed,False
50350,397,2024-11-15 18:00:00,completed,False
50351,178,2024-08-07 14:00:00,completed,True
50352,246,2024-09-18 08:00:00,completed,False
50353,250,2025-04-14 15:00:00,completed,True
50354,353,2024-12-22 15:00:00,cancelled,True
50355,310,2024-07-26 13:00:00,completed,False
50356,40,2024-08-11 12:00:00,completed,True
50357,405,2024-12-18 02:00:00,pending,True
50358,380,2024-06-22 06:00:00,completed,True
50359,53,2024-03-24 12:00:00,completed,True
50360,481,2024-08-21 03:00:00,completed,False
50361,331,2024-02-04 11:00:00,completed,True
50362,43,2024-03-25 02:00:00,completed,True
50363,246,2024-07-29 18:00:00,completed,True
50364,419,2025-02-02 02:00:00,completed,True
50365,140,2025-01-25 02:00:00,completed,True
50366,467,2024-05-10 15:00:00,completed,True
50367,210,2024-07-29 05:00:00,completed,True
50368,114,2024-03-17 08:00:00,completed,True
50369,179,2025-01-12 07:00:00,completed,True
50370,263,2024-05-03 05:00:00,completed,True
50371,345,2025-02-03 18:00:00,completed,False
50372,464,2025-02-25 16:00:00,completed,True
50373,98,2024-12-10 05:00:00,completed,True
50374,481,2024-06-14 16:00:00,pending,False
50375,264,2025-04-21 17:00:00,completed,True
50376,64,2024-12-09 12:00:00,completed,True
50377,464,2024-11-18 13:00:00,completed,False
50378,175,2025-03-04 22:00:00,completed,True
50379,311,2025-03-16 10:00:00,completed,False
50380,350,2024-02-08 09:00:00,pending,False
50381,7,2025-03-16 12:00:00,pending,False
50382,111,2025-01-17 20:00:00,completed,False
50383,344,2024-04-13 17:00:00,completed,True
50384,163,2024-06-02 01:00:00,completed,False
50385,5,2025-01-11 11:00:00,completed,True
50386,12,2024-04-18 17:00:00,completed,True
50387,414,2024-08-14 05:00:00,completed,True
50388,77,2024-12-10 23:00:00,completed,True
50389,51,2024-11-21 19:00:00,pending,True
50390,282,2025-03-30 20:00:00,completed,True
50391,60,2024-02-25 01:00:00,completed,True
50392,327,2024-05-27 13:00:00,pending,True
50393,273,2025-05-07 12:00:00,completed,False
50394,325,2024-10-11 15:00:00,completed,True
50395,246,2024-05-04 20:00:00,completed,False
50396,390,2024-05-24 08:00:00,completed,False
50397,323,2024-06-18 12:00:00,completed,False
50398,208,2024-10-04 16:00:00,completed,True
50399,8,2024-05-22 18:00:00,completed,False
50400,137,2024-11-06 18:00:00,completed,False
50401,66,2024-08-10 08:00:00,completed,False
50402,8,2024-11-01 23:00:00,completed,False
50403,137,2024-03-18 00:00:00,completed,True
50404,104,2024-11-07 11:00:00,completed,True
50405,39,2025-04-07 14:00:00,completed,False
50406,157,2024-03-08 01:00:00,completed,True
50407,254,2024-06-12 10:00:00,completed,False
50408,90,2024-12-12 14:00:00,completed,True
50409,137,2024-11-04 14:00:00,completed,True
50410,11,2024-12-03 02:00:00,completed,True
50411,26,2024-10-06 06:00:00,completed,True
50412,79,2024-12-07 05:00:00,completed,False
50413,227,2024-10-31 15:00:00,completed,True
50414,334,2024-02-07 07:00:00,completed,False
50415,395,2025-01-10 13:00:00,completed,True
50416,315,2024-08-11 17:00:00,completed,False
50417,309,2024-01-26 19:00:00,completed,True
50418,468,2024-07-23 04:00:00,completed,True
50419,128,2024-08-05 21:00:00,completed,True
50420,400,2024-02-13 03:00:00,completed,True
50421,469,2025-05-13 00:00:00,pending,False
50422,284,2024-04-21 01:00:00,pending,False
50423,421,2024-06-14 04:00:00,pending,True
50424,69,2024-08-08 20:00:00,completed,True
50425,440,2025-02-20 04:00:00,completed,True
50426,283,2025-01-06 16:00:00,completed,True
50427,111,2025-01-20 10:00:00,completed,True
50428,31,2024-04-28 00:00:00,completed,True
50429,360,2025-02-26 10:00:00,completed,True
50430,216,2025-02-18 00:00:00,completed,False
50431,156,2024-08-19 11:00:00,completed,True
50432,196,2024-09-29 13:00:00,pending,True
50433,496,2024-01-19 12:00:00,completed,True
50434,214,2025-01-15 06:00:00,completed,True
50435,40,2025-04-25 18:00:00,completed,True
50436,140,2024-08-24 14:00:00,completed,True
50437,73,2024-09-27 06:00:00,pending,True
50438,343,2024-09-06 10:00:00,completed,False
50439,401,2024-02-11 02:00:00,pending,False
50440,421,2024-11-05 22:00:00,completed,False
50441,317,2024-12-26 18:00:00,completed,True
50442,385,2025-04-08 06:00:00,completed,True
50443,209,2025-04-09 16:00:00,completed,True
50444,314,2024-09-02 16:00:00,completed,True
50445,54,2025-04-24 14:00:00,completed,False
50446,270,2024-09-21 01:00:00,cancelled,False
50447,279,2024-11-17 21:00:00,completed,True
50448,16,2024-10-27 22:00:00,pending,True
50449,275,2025-05-14 23:00:00,completed,True
50450,362,2025-01-03 23:00:00,cancelled,True
50451,184,2024-03-01 22:00:00,completed,False
50452,273,2024-02-05 17:00:00,completed,True
50453,144,2024-07-23 01:00:00,completed,True
50454,136,2024-09-14 11:00:00,completed,True
50455,65,2024-11-30 05:00:00,completed,True
50456,164,2024-08-28 05:00:00,completed,True
50457,402,2024-09-14 19:00:00,completed,False
50458,468,2025-04-05 19:00:00,completed,True
50459,318,2024-06-16 12:00:00,completed,True
50460,313,2024-09-03 17:00:00,completed,True
50461,307,2024-10-05 03:00:00,completed,True
50462,238,2024-08-22 05:00:00,completed,True
50463,212,2025-04-29 20:00:00,completed,True
50464,311,2025-04-26 10:00:00,completed,True
50465,393,2024-09-13 13:00:00,pending,True
50466,207,2024-08-13 11:00:00,completed,False
50467,283,2024-10-21 04:00:00,completed,False
50468,236,2024-03-31 19:00:00,completed,False
50469,143,2024-07-31 18:00:00,completed,True
50470,146,2024-04-18 16:00:00,completed,False
50471,40,2024-03-13 08:00:00,completed,True
50472,220,2024-02-17 15:00:00,completed,True
50473,357,2024-10-20 22:00:00,completed,True
50474,343,2024-01-01 15:00:00,completed,True
50475,493,2024-11-19 11:00:00,cancelled,False
50476,20,2024-08-03 06:00:00,completed,True
50477,381,2024-07-02 12:00:00,completed,True
50478,398,2025-01-19 08:00:00,completed,False
50479,219,2024-09-26 14:00:00,completed,True
50480,142,2025-01-01 01:00:00,completed,False
50481,179,2024-12-20 04:00:00,completed,False
50482,342,2024-01-17 18:00:00,completed,False
50483,432,2024-04-17 09:00:00,completed,False
50484,322,2024-10-11 10:00:00,completed,True
50485,258,2025-05-02 13:00:00,pending,True
50486,327,2024-03-18 10:00:00,completed,False
50487,36,2024-02-22 18:00:00,completed,False
50488,305,2025-04-15 05:00:00,completed,True
50489,22,2025-04-28 18:00:00,pending,True
50490,480,2024-03-24 05:00:00,completed,True
50491,445,2024-07-19 08:00:00,completed,True
50492,255,2024-11-09 14:00:00,completed,True
50493,188,2024-04-07 21:00:00,completed,False
50494,367,2024-06-12 05:00:00,completed,False
50495,319,2024-07-16 14:00:00,cancelled,True
50496,353,2024-11-16 01:00:00,completed,True
50497,258,2024-06-03 01:00:00,completed,True
50498,119,2024-07-25 18:00:00,completed,True
50499,37,2024-05-24 17:00:00,pending,True
50500,142,2025-01-14 09:00:00,pending,True
50501,265,2024-03-17 14:00:00,completed,True
50502,213,2024-04-25 09:00:00,completed,True
50503,254,2024-05-04 06:00:00,completed,True
50504,139,2025-03-28 10:00:00,completed,True
50505,469,2025-04-17 07:00:00,pending,True
50506,184,2024-09-07 19:00:00,completed,True
50507,424,2024-03-19 09:00:00,completed,True
50508,196,2025-01-13 07:00:00,completed,True
50509,222,2024-09-03 12:00:00,completed,True
50510,302,2025-02-28 18:00:00,pending,True
50511,132,2024-06-28 06:00:00,completed,False
50512,110,2025-05-14 22:00:00,completed,True
50513,190,2025-02-07 11:00:00,completed,True
50514,403,2024-04-21 15:00:00,pending,True
50515,73,2024-12-28 22:00:00,completed,False
50516,219,2024-05-23 10:00:00,pending,False
50517,337,2024-06-23 04:00:00,completed,True
50518,354,2024-05-05 17:00:00,completed,True
50519,218,2024-12-07 00:00:00,completed,True
50520,41,2024-05-11 10:00:00,completed,True
50521,8,2024-11-15 23:00:00,completed,True
50522,235,2024-10-18 09:00:00,completed,True
50523,406,2025-01-10 16:00:00,completed,False
50524,15,2025-05-11 12:00:00,completed,False
50525,444,2024-01-05 05:00:00,completed,True
50526,338,2025-05-10 07:00:00,completed,False
50527,5,2024-02-24 12:00:00,completed,True
50528,172,2024-09-20 02:00:00,completed,True
50529,111,2024-06-19 09:00:00,pending,False
50530,475,2024-11-15 09:00:00,cancelled,True
50531,278,2024-12-26 20:00:00,completed,True
50532,163,2025-03-05 02:00:00,completed,True
50533,140,2024-07-19 20:00:00,completed,True
50534,282,2025-04-11 09:00:00,completed,True
50535,3,2024-06-10 15:00:00,pending,True
50536,129,2024-04-11 13:00:00,completed,True
50537,83,2024-07-08 07:00:00,completed,True
50538,311,2024-09-21 22:00:00,completed,True
50539,335,2024-11-30 05:00:00,completed,False
50540,234,2025-02-20 00:00:00,pending,True
50541,71,2024-04-22 18:00:00,completed,True
50542,186,2024-05-31 14:00:00,completed,False
50543,422,2025-04-14 21:00:00,completed,False
50544,102,2024-08-07 10:00:00,pending,True
50545,82,2024-04-30 00:00:00,completed,False
50546,56,2025-05-07 00:00:00,pending,False
50547,409,2024-08-12 10:00:00,pending,True
50548,60,2025-05-07 05:00:00,completed,False
50549,291,2025-04-04 22:00:00,pending,False
50550,500,2025-03-29 02:00:00,completed,True
50551,321,2024-10-17 21:00:00,completed,True
50552,207,2025-02-03 05:00:00,completed,False
50553,104,2025-04-25 02:00:00,completed,False
50554,1,2024-05-14 06:00:00,completed,True
50555,78,2024-01-19 03:00:00,completed,False
50556,477,2024-06-09 09:00:00,completed,False
50557,72,2024-11-14 07:00:00,completed,False
50558,10,2024-09-30 12:00:00,completed,False
50559,409,2024-02-10 12:00:00,completed,True
50560,210,2024-10-07 00:00:00,completed,True
50561,179,2024-03-28 02:00:00,cancelled,True
50562,359,2024-09-09 03:00:00,pending,True
50563,262,2024-10-14 04:00:00,completed,True
50564,458,2024-11-14 02:00:00,completed,False
50565,234,2024-07-25 07:00:00,completed,False
50566,357,2024-07-23 13:00:00,completed,True
50567,440,2024-12-05 07:00:00,completed,False
50568,232,2025-01-09 07:00:00,completed,True
50569,143,2025-02-07 11:00:00,completed,True
50570,488,2024-06-15 13:00:00,completed,True
50571,114,2024-07-31 07:00:00,completed,True
50572,20,2024-06-14 05:00:00,completed,True
50573,290,2024-09-20 09:00:00,pending,False
50574,494,2024-03-04 00:00:00,completed,True
50575,44,2024-08-03 11:00:00,completed,True
50576,425,2024-04-04 22:00:00,completed,True
50577,416,2024-09-23 09:00:00,completed,True
50578,465,2025-03-01 02:00:00,completed,False
50579,211,2025-05-07 16:00:00,completed,False
50580,128,2024-08-11 03:00:00,completed,True
50581,257,2024-01-29 04:00:00,completed,True
50582,72,2024-04-23 03:00:00,completed,True
50583,422,2024-02-22 21:00:00,completed,True
50584,332,2025-01-14 23:00:00,completed,True
50585,242,2025-05-07 13:00:00,completed,True
50586,258,2024-10-03 14:00:00,pending,True
50587,357,2024-03-29 15:00:00,completed,True
50588,262,2024-01-11 14:00:00,completed,True
50589,420,2025-05-03 13:00:00,pending,True
50590,463,2024-06-07 23:00:00,completed,True
50591,475,2024-02-26 17:00:00,completed,True
50592,311,2024-03-29 02:00:00,completed,True
50593,372,2024-05-07 09:00:00,completed,True
50594,156,2024-11-23 23:00:00,completed,True
50595,20,2025-03-21 09:00:00,pending,False
50596,201,2024-05-17 04:00:00,cancelled,False
50597,436,2024-12-09 20:00:00,completed,True
50598,67,2024-02-02 14:00:00,completed,False
50599,273,2024-01-06 13:00:00,completed,False
50600,97,2024-01-28 10:00:00,completed,True
50601,215,2025-04-06 02:00:00,completed,True
50602,72,2024-10-17 09:00:00,completed,True
50603,368,2025-02-06 10:00:00,completed,True
50604,406,2024-01-11 22:00:00,completed,False
50605,380,2024-01-12 07:00:00,completed,True
50606,353,2025-02-28 03:00:00,completed,True
50607,118,2024-02-21 10:00:00,completed,True
50608,266,2024-03-18 23:00:00,pending,True
50609,53,2024-09-16 11:00:00,completed,True
50610,188,2024-10-30 09:00:00,completed,True
50611,253,2024-04-24 16:00:00,completed,True
50612,335,2024-08-10 15:00:00,completed,False
50613,49,2024-12-03 07:00:00,cancelled,True
50614,407,2024-08-09 23:00:00,pending,True
50615,230,2024-07-10 14:00:00,completed,False
50616,441,2024-02-05 01:00:00,completed,True
50617,264,2024-08-13 09:00:00,completed,True
50618,274,2025-02-05 22:00:00,completed,False
50619,347,2024-11-09 09:00:00,completed,True
50620,410,2025-03-22 13:00:00,completed,True
50621,79,2024-03-04 14:00:00,completed,True
50622,256,2024-01-06 16:00:00,completed,True
50623,15,2024-10-01 20:00:00,completed,True
50624,238,2024-03-30 03:00:00,completed,True
50625,407,2024-10-23 12:00:00,completed,True
50626,433,2025-03-27 12:00:00,completed,True
50627,142,2024-06-17 03:00:00,completed,True
50628,194,2024-10-01 16:00:00,completed,True
50629,276,2024-12-06 02:00:00,completed,True
50630,198,2024-03-16 10:00:00,completed,False
50631,90,2025-03-24 07:00:00,completed,True
50632,153,2024-04-11 03:00:00,pending,True
50633,203,2025-02-08 19:00:00,completed,True
50634,260,2024-11-25 05:00:00,completed,True
50635,461,2024-03-11 06:00:00,completed,True
50636,273,2024-12-28 20:00:00,completed,False
50637,194,2024-04-08 21:00:00,completed,True
50638,331,2024-10-26 00:00:00,completed,True
50639,387,2025-04-24 06:00:00,completed,True
50640,216,2025-04-21 17:00:00,completed,False
50641,245,2025-03-11 18:00:00,completed,True
50642,109,2024-09-04 23:00:00,completed,True
50643,433,2024-10-06 13:00:00,completed,False
50644,434,2024-05-30 00:00:00,completed,False
50645,88,2025-04-05 20:00:00,completed,True
50646,174,2024-08-26 03:00:00,completed,False
50647,136,2025-01-20 02:00:00,completed,False
50648,462,2024-06-28 16:00:00,completed,True
50649,33,2025-01-05 14:00:00,completed,False
50650,104,2024-04-22 01:00:00,pending,True
50651,158,2025-01-01 04:00:00,completed,True
50652,281,2024-01-23 14:00:00,completed,True
50653,125,2024-02-22 06:00:00,completed,False
50654,269,2024-06-25 16:00:00,completed,True
50655,374,2024-08-29 09:00:00,completed,True
50656,415,2024-12-21 14:00:00,pending,True
50657,50,2024-06-28 11:00:00,completed,True
50658,70,2024-01-10 08:00:00,completed,False
50659,48,2024-06-11 08:00:00,completed,False
50660,455,2024-08-07 16:00:00,completed,True
50661,327,2024-09-28 12:00:00,completed,False
50662,266,2024-11-18 14:00:00,completed,False
50663,396,2024-05-03 13:00:00,completed,True
50664,294,2024-11-01 04:00:00,pending,True
50665,118,2024-11-11 21:00:00,completed,True
50666,256,2025-01-23 13:00:00,completed,True
50667,352,2024-09-18 17:00:00,completed,True
50668,19,2025-02-09 21:00:00,pending,True
50669,304,2024-04-20 22:00:00,pending,False
50670,249,2024-12-21 16:00:00,completed,True
50671,35,2024-01-23 18:00:00,cancelled,False
50672,132,2024-02-21 11:00:00,pending,False
50673,225,2025-03-08 17:00:00,pending,True
50674,172,2024-08-25 07:00:00,pending,True
50675,146,2024-11-06 17:00:00,completed,False
50676,325,2024-10-28 02:00:00,completed,False
50677,203,2024-12-13 21:00:00,completed,True
50678,249,2024-05-02 05:00:00,completed,True
50679,400,2024-03-30 15:00:00,completed,True
50680,47,2024-01-22 00:00:00,completed,False
50681,180,2025-03-08 03:00:00,cancelled,False
50682,37,2024-04-21 23:00:00,completed,True
50683,464,2024-10-14 20:00:00,cancelled,True
50684,93,2024-08-15 05:00:00,completed,True
50685,410,2024-03-22 03:00:00,completed,False
50686,96,2024-07-25 19:00:00,completed,False
50687,163,2024-02-11 23:00:00,completed,False
50688,305,2024-03-29 04:00:00,completed,True
50689,416,2024-03-10 15:00:00,completed,True
50690,89,2025-02-16 06:00:00,completed,True
50691,107,2024-10-10 17:00:00,completed,True
50692,441,2025-04-07 10:00:00,completed,True
50693,161,2024-08-05 03:00:00,pending,False
50694,105,2024-04-10 07:00:00,completed,True
50695,372,2024-10-31 12:00:00,completed,True
50696,46,2025-04-09 19:00:00,completed,False
50697,434,2024-09-23 00:00:00,cancelled,True
50698,438,2024-01-09 22:00:00,completed,True
50699,429,2024-05-31 15:00:00,completed,False
50700,148,2025-04-07 21:00:00,completed,True
50701,58,2024-09-16 22:00:00,completed,True
50702,213,2025-04-20 03:00:00,completed,True
50703,168,2024-09-11 02:00:00,completed,False
50704,480,2024-01-07 18:00:00,completed,True
50705,316,2025-03-12 04:00:00,completed,True
50706,473,2025-01-16 03:00:00,completed,True
50707,376,2024-12-23 11:00:00,cancelled,True
50708,358,2025-04-30 21:00:00,completed,False
50709,56,2024-04-08 19:00:00,completed,True
50710,35,2025-03-28 12:00:00,completed,True
50711,24,2024-04-26 04:00:00,completed,True
50712,297,2025-04-30 08:00:00,completed,True
50713,101,2024-04-05 16:00:00,completed,True
50714,495,2024-10-02 03:00:00,completed,True
50715,67,2025-01-29 12:00:00,completed,True
50716,474,2024-02-09 00:00:00,completed,True
50717,334,2024-02-03 07:00:00,completed,False
50718,54,2025-02-28 05:00:00,pending,False
50719,30,2024-01-31 16:00:00,completed,True
50720,198,2024-11-02 21:00:00,completed,True
50721,170,2025-04-14 03:00:00,completed,True
50722,158,2024-11-03 19:00:00,completed,True
50723,265,2024-08-28 15:00:00,pending,True
50724,65,2024-07-27 23:00:00,completed,False
50725,65,2024-11-15 21:00:00,completed,False
50726,348,2024-10-12 02:00:00,completed,True
50727,496,2024-09-07 17:00:00,completed,False
50728,137,2024-03-17 14:00:00,pending,True
50729,466,2024-11-27 02:00:00,completed,True
50730,173,2025-01-04 06:00:00,completed,True
50731,168,2024-12-20 22:00:00,completed,True
50732,46,2024-02-07 13:00:00,completed,False
50733,212,2024-12-17 08:00:00,completed,True
50734,249,2024-12-30 07:00:00,completed,True
50735,332,2024-04-01 20:00:00,completed,True
50736,80,2025-02-28 06:00:00,completed,False
50737,95,2024-09-18 03:00:00,completed,True
50738,217,2024-08-24 13:00:00,completed,True
50739,35,2024-12-27 23:00:00,pending,True
50740,72,2024-09-11 04:00:00,completed,False
50741,315,2024-09-29 06:00:00,completed,True
50742,477,2024-06-05 11:00:00,completed,True
50743,287,2025-04-08 04:00:00,pending,False
50744,73,2025-04-29 15:00:00,completed,True
50745,496,2024-03-06 06:00:00,completed,True
50746,261,2025-01-01 03:00:00,completed,True
50747,359,2024-01-12 06:00:00,completed,True
50748,99,2024-07-03 22:00:00,completed,True
50749,290,2025-04-29 22:00:00,completed,True
50750,39,2024-03-28 12:00:00,completed,True
50751,313,2024-07-07 09:00:00,pending,True
50752,102,2024-04-19 19:00:00,completed,True
50753,455,2024-12-30 04:00:00,completed,False
50754,28,2024-08-19 15:00:00,completed,True
50755,327,2024-10-23 16:00:00,pending,True
50756,70,2025-04-16 17:00:00,pending,True
50757,344,2024-09-17 05:00:00,completed,False
50758,247,2025-01-02 17:00:00,completed,True
50759,484,2024-02-18 14:00:00,completed,True
50760,326,2024-04-17 21:00:00,completed,True
50761,186,2025-04-18 04:00:00,completed,True
50762,44,2025-03-05 14:00:00,completed,False
50763,298,2024-11-24 19:00:00,completed,False
50764,221,2024-07-08 06:00:00,pending,False
50765,27,2024-04-09 17:00:00,pending,True
50766,291,2025-03-01 02:00:00,cancelled,True
50767,105,2025-01-27 17:00:00,completed,True
50768,118,2024-04-30 14:00:00,completed,False
50769,5,2024-10-21 04:00:00,pending,False
50770,187,2024-11-05 01:00:00,completed,False
50771,110,2024-08-26 17:00:00,completed,True
50772,36,2025-04-08 05:00:00,cancelled,False
50773,218,2024-03-03 11:00:00,completed,True
50774,111,2024-05-08 01:00:00,completed,False
50775,68,2024-02-17 23:00:00,completed,True
50776,234,2024-12-12 13:00:00,completed,True
50777,32,2024-11-18 22:00:00,completed,True
50778,496,2025-05-08 03:00:00,completed,False
50779,236,2024-09-28 04:00:00,completed,True
50780,499,2024-03-16 14:00:00,pending,True
50781,441,2024-08-13 14:00:00,completed,True
50782,490,2024-02-14 18:00:00,completed,True
50783,272,2024-12-01 22:00:00,completed,False
50784,212,2024-12-03 19:00:00,completed,True
50785,360,2025-03-04 03:00:00,completed,True
50786,41,2024-06-18 07:00:00,completed,False
50787,421,2024-06-04 21:00:00,completed,True
50788,162,2024-02-05 13:00:00,completed,True
50789,4,2024-07-26 20:00:00,completed,True
50790,119,2024-08-25 13:00:00,pending,True
50791,122,2025-01-12 01:00:00,completed,True
50792,8,2025-01-11 11:00:00,completed,True
50793,335,2024-03-11 19:00:00,cancelled,True
50794,48,2024-05-22 15:00:00,completed,False
50795,424,2024-09-12 03:00:00,completed,False
50796,227,2024-06-16 05:00:00,completed,False
50797,360,2024-01-13 20:00:00,completed,True
50798,170,2025-02-26 23:00:00,completed,True
50799,66,2024-12-31 18:00:00,completed,False
50800,91,2024-09-17 02:00:00,completed,False
50801,323,2024-06-07 14:00:00,completed,True
50802,359,2025-02-25 19:00:00,completed,True
50803,134,2024-01-18 15:00:00,completed,True
50804,179,2024-08-11 14:00:00,completed,True
50805,473,2025-02-04 11:00:00,completed,True
50806,426,2025-04-21 05:00:00,completed,True
50807,207,2024-05-05 06:00:00,completed,False
50808,121,2024-11-21 17:00:00,completed,True
50809,151,2024-04-04 01:00:00,completed,True
50810,270,2024-02-27 02:00:00,completed,True
50811,284,2024-06-25 09:00:00,completed,False
50812,93,2025-03-18 18:00:00,completed,False
50813,33,2024-12-10 15:00:00,completed,True
50814,248,2024-09-01 14:00:00,completed,True
50815,399,2024-05-21 12:00:00,completed,True
50816,77,2024-03-11 02:00:00,completed,False
50817,205,2024-05-15 07:00:00,completed,True
50818,81,2024-03-17 01:00:00,cancelled,False
50819,122,2024-04-03 18:00:00,completed,True
50820,307,2024-12-09 18:00:00,completed,True
50821,144,2024-03-07 06:00:00,completed,True
50822,132,2024-01-24 07:00:00,completed,True
50823,498,2024-09-28 07:00:00,completed,True
50824,87,2024-05-23 21:00:00,completed,True
50825,95,2024-08-15 11:00:00,pending,False
50826,465,2024-03-10 18:00:00,completed,True
50827,276,2024-04-14 10:00:00,cancelled,False
50828,22,2024-08-08 16:00:00,completed,True
50829,213,2024-12-11 12:00:00,pending,True
50830,283,2024-07-26 06:00:00,completed,False
50831,127,2024-09-27 21:00:00,completed,False
50832,275,2024-09-17 17:00:00,completed,True
50833,325,2024-05-14 18:00:00,completed,False
50834,126,2024-05-19 22:00:00,completed,True
50835,407,2024-07-31 05:00:00,completed,True
50836,227,2024-01-17 02:00:00,completed,True
50837,482,2024-12-08 13:00:00,pending,True
50838,44,2024-11-03 07:00:00,completed,True
50839,163,2024-06-02 10:00:00,cancelled,True
50840,361,2024-07-05 05:00:00,completed,False
50841,448,2024-06-13 09:00:00,completed,False
50842,111,2024-11-21 09:00:00,completed,False
50843,491,2025-01-14 08:00:00,completed,False
50844,97,2024-02-24 17:00:00,completed,True
50845,209,2024-07-25 14:00:00,cancelled,True
50846,158,2024-01-07 11:00:00,completed,True
50847,213,2024-08-14 02:00:00,pending,True
50848,452,2024-05-04 13:00:00,completed,True
50849,367,2024-06-16 04:00:00,completed,True
50850,399,2024-08-16 07:00:00,completed,True
50851,127,2024-06-10 09:00:00,completed,True
50852,474,2024-07-16 03:00:00,completed,True
50853,218,2025-01-17 09:00:00,completed,True
50854,326,2025-02-09 06:00:00,completed,True
50855,349,2024-01-03 20:00:00,pending,False
50856,332,2024-07-07 20:00:00,completed,True
50857,301,2025-02-27 00:00:00,completed,False
50858,241,2024-09-22 14:00:00,completed,False
50859,324,2024-04-12 15:00:00,completed,True
50860,453,2024-10-23 09:00:00,completed,True
50861,195,2024-03-13 11:00:00,completed,True
50862,256,2024-01-11 18:00:00,completed,True
50863,91,2024-11-12 09:00:00,completed,True
50864,178,2024-09-14 01:00:00,completed,False
50865,387,2025-01-13 08:00:00,completed,False
50866,321,2024-06-21 06:00:00,completed,True
50867,106,2025-03-03 09:00:00,completed,True
50868,274,2024-07-29 05:00:00,completed,True
50869,406,2025-01-04 03:00:00,completed,False
50870,63,2024-02-20 23:00:00,completed,True
50871,31,2024-02-18 03:00:00,completed,True
50872,197,2025-01-26 16:00:00,completed,False
50873,329,2025-02-20 17:00:00,cancelled,True
50874,157,2025-04-16 14:00:00,completed,True
50875,411,2024-06-11 21:00:00,completed,True
50876,424,2024-01-12 00:00:00,completed,True
50877,267,2025-05-04 07:00:00,completed,True
50878,190,2024-10-27 04:00:00,completed,True
50879,21,2024-05-03 13:00:00,completed,True
50880,411,2025-01-16 15:00:00,cancelled,False
50881,448,2025-03-27 21:00:00,completed,True
50882,222,2024-05-22 09:00:00,completed,False
50883,259,2025-01-19 05:00:00,completed,True
50884,377,2025-01-28 22:00:00,completed,False
50885,348,2024-09-07 16:00:00,pending,True
50886,68,2024-11-12 18:00:00,pending,False
50887,337,2024-05-14 10:00:00,pending,True
50888,463,2025-04-09 10:00:00,completed,True
50889,376,2025-05-06 09:00:00,completed,True
50890,241,2025-05-05 17:00:00,completed,True
50891,262,2025-01-03 05:00:00,completed,False
50892,130,2024-01-22 23:00:00,completed,False
50893,331,2024-07-02 04:00:00,completed,False
50894,121,2024-08-10 11:00:00,completed,True
50895,171,2025-04-24 07:00:00,pending,False
50896,133,2024-09-30 15:00:00,completed,False
50897,168,2024-09-25 16:00:00,cancelled,True
50898,184,2024-03-14 22:00:00,completed,True
50899,42,2025-01-31 18:00:00,completed,True
50900,359,2024-06-17 05:00:00,completed,True
50901,221,2024-02-15 04:00:00,completed,True
50902,475,2025-05-08 21:00:00,completed,False
50903,91,2024-04-05 11:00:00,completed,True
50904,335,2024-01-09 02:00:00,completed,True
50905,90,2024-02-08 19:00:00,pending,True
50906,274,2024-08-14 15:00:00,completed,False
50907,246,2024-02-21 00:00:00,completed,False
50908,225,2025-02-25 18:00:00,completed,False
50909,328,2024-09-13 14:00:00,completed,True
50910,415,2024-06-10 14:00:00,completed,True
50911,159,2024-01-02 20:00:00,completed,True
50912,425,2024-08-27 11:00:00,completed,True
50913,93,2024-03-16 11:00:00,completed,True
50914,147,2025-05-04 14:00:00,completed,True
50915,156,2024-05-25 04:00:00,completed,False
50916,477,2024-08-25 03:00:00,cancelled,True
50917,60,2024-01-10 20:00:00,completed,False
50918,198,2024-03-06 05:00:00,completed,True
50919,213,2024-04-13 12:00:00,completed,True
50920,401,2024-01-26 06:00:00,completed,True
50921,243,2024-12-28 05:00:00,completed,True
50922,484,2025-04-17 14:00:00,completed,True
50923,371,2025-05-07 19:00:00,completed,True
50924,352,2024-05-12 10:00:00,completed,True
50925,377,2025-01-29 03:00:00,completed,True
50926,81,2024-09-09 05:00:00,pending,True
50927,225,2024-01-23 03:00:00,completed,False
50928,294,2024-02-15 21:00:00,completed,False
50929,105,2024-09-30 07:00:00,cancelled,True
50930,60,2024-07-30 08:00:00,completed,True
50931,68,2024-01-05 01:00:00,completed,True
50932,395,2025-04-10 10:00:00,pending,True
50933,329,2024-12-31 21:00:00,completed,True
50934,141,2024-09-08 09:00:00,completed,True
50935,369,2025-05-08 15:00:00,pending,True
50936,348,2025-04-30 04:00:00,completed,False
50937,409,2025-05-01 03:00:00,completed,True
50938,456,2024-05-09 17:00:00,completed,False
50939,442,2025-03-16 01:00:00,completed,True
50940,91,2024-09-09 10:00:00,completed,True
50941,385,2024-12-29 07:00:00,cancelled,False
50942,197,2025-03-05 00:00:00,completed,True
50943,202,2024-03-22 12:00:00,completed,True
50944,324,2024-08-12 23:00:00,completed,False
50945,302,2024-03-05 01:00:00,completed,True
50946,210,2024-05-19 19:00:00,completed,True
50947,500,2024-07-25 12:00:00,cancelled,True
50948,88,2025-03-03 17:00:00,completed,True
50949,49,2025-03-07 02:00:00,completed,True
50950,15,2024-07-13 20:00:00,completed,True
50951,408,2024-06-13 00:00:00,completed,False
50952,204,2024-09-22 21:00:00,completed,True
50953,219,2025-03-31 15:00:00,completed,True
50954,325,2025-05-03 08:00:00,completed,True
50955,218,2024-04-23 00:00:00,completed,True
50956,287,2024-04-03 14:00:00,pending,False
50957,30,2024-12-19 02:00:00,completed,True
50958,79,2024-05-30 14:00:00,completed,True
50959,467,2024-04-09 18:00:00,completed,False
50960,226,2024-01-16 06:00:00,completed,False
50961,84,2024-07-20 05:00:00,pending,False
50962,185,2024-07-14 05:00:00,completed,True
50963,168,2024-10-08 05:00:00,completed,True
50964,138,2024-04-10 02:00:00,completed,True
50965,147,2024-12-23 05:00:00,pending,True
50966,365,2024-12-06 15:00:00,completed,False
50967,54,2024-08-19 07:00:00,completed,True
50968,155,2024-03-31 18:00:00,completed,True
50969,234,2024-09-10 19:00:00,completed,False
50970,271,2024-12-03 18:00:00,pending,False
50971,441,2024-07-05 12:00:00,completed,True
50972,462,2024-05-11 07:00:00,completed,False
50973,149,2024-09-10 22:00:00,completed,True
50974,270,2024-06-26 04:00:00,pending,True
50975,12,2024-07-19 11:00:00,completed,True
50976,309,2024-06-23 10:00:00,completed,False
50977,77,2024-05-31 17:00:00,cancelled,False
50978,37,2024-12-24 13:00:00,completed,True
50979,336,2024-08-18 19:00:00,pending,True
50980,90,2024-08-21 22:00:00,completed,True
50981,239,2024-11-22 09:00:00,completed,True
50982,51,2024-06-29 20:00:00,completed,False
50983,373,2024-02-20 04:00:00,completed,True
50984,383,2025-03-02 21:00:00,completed,False
50985,288,2024-01-28 04:00:00,completed,True
50986,418,2024-10-12 20:00:00,cancelled,True
50987,219,2024-05-12 09:00:00,completed,True
50988,94,2024-04-16 23:00:00,completed,False
50989,76,2024-01-21 03:00:00,completed,True
50990,110,2025-03-26 11:00:00,completed,True
50991,101,2024-08-02 21:00:00,completed,True
50992,162,2024-06-20 01:00:00,completed,False
50993,108,2025-01-05 06:00:00,completed,False
50994,296,2024-01-20 02:00:00,completed,False
50995,75,2024-10-09 07:00:00,completed,True
50996,311,2024-09-04 09:00:00,completed,False
50997,168,2024-10-03 14:00:00,pending,True
50998,344,2024-03-02 06:00:00,completed,False
50999,257,2025-04-21 03:00:00,completed,True
51000,453,2024-04-29 04:00:00,completed,True
51001,220,2024-12-05 22:00:00,completed,False
51002,148,2025-01-08 22:00:00,completed,False
51003,295,2024-06-20 05:00:00,pending,True
51004,330,2024-03-06 04:00:00,pending,True
51005,220,2024-05-28 01:00:00,completed,False
51006,280,2025-02-07 23:00:00,completed,False
51007,236,2025-03-29 16:00:00,completed,False
51008,153,2025-04-13 18:00:00,completed,True
51009,157,2024-04-23 06:00:00,completed,True
51010,454,2024-10-30 15:00:00,completed,False
51011,338,2024-03-16 01:00:00,completed,False
51012,48,2024-12-21 16:00:00,completed,False
51013,482,2024-07-26 13:00:00,completed,True
51014,357,2024-12-22 07:00:00,completed,True
51015,26,2024-12-08 17:00:00,completed,True
51016,364,2025-05-11 15:00:00,completed,False
51017,295,2024-09-01 10:00:00,completed,True
51018,458,2024-06-19 04:00:00,pending,True
51019,245,2024-09-20 00:00:00,completed,False
51020,260,2024-03-22 22:00:00,completed,False
51021,158,2024-02-25 06:00:00,completed,True
51022,161,2024-09-16 07:00:00,completed,False
51023,309,2025-02-16 16:00:00,completed,True
51024,414,2024-09-23 06:00:00,completed,True
51025,446,2025-01-25 09:00:00,completed,True
51026,386,2024-03-29 17:00:00,completed,True
51027,305,2024-08-12 14:00:00,completed,False
51028,251,2024-11-02 15:00:00,completed,False
51029,170,2024-06-22 00:00:00,completed,True
51030,384,2024-01-08 10:00:00,completed,False
51031,160,2024-02-06 11:00:00,completed,True
51032,134,2025-04-08 15:00:00,completed,False
51033,434,2024-10-29 03:00:00,completed,False
51034,295,2024-05-12 03:00:00,completed,True
51035,178,2024-05-09 18:00:00,completed,True
51036,433,2024-01-20 16:00:00,completed,True
51037,482,2025-04-17 19:00:00,completed,True
51038,159,2024-02-24 06:00:00,completed,False
51039,261,2025-01-14 23:00:00,completed,True
51040,242,2024-04-30 06:00:00,completed,True
51041,351,2024-06-16 15:00:00,completed,True
51042,476,2024-05-16 03:00:00,completed,False
51043,275,2025-02-16 22:00:00,completed,True
51044,400,2024-01-17 07:00:00,completed,False
51045,298,2024-06-25 19:00:00,completed,True
51046,444,2024-05-19 07:00:00,completed,True
51047,203,2024-05-16 18:00:00,completed,True
51048,193,2024-04-06 10:00:00,completed,True
51049,212,2025-04-01 01:00:00,completed,True
51050,499,2024-07-08 04:00:00,completed,False
51051,306,2024-07-28 16:00:00,pending,False
51052,77,2024-07-11 04:00:00,completed,True
51053,21,2025-05-05 06:00:00,completed,True
51054,260,2024-06-18 13:00:00,completed,True
51055,403,2024-06-19 06:00:00,completed,True
51056,240,2024-06-12 03:00:00,completed,False
51057,281,2024-06-12 14:00:00,pending,False
51058,400,2024-02-14 16:00:00,completed,False
51059,259,2024-10-29 17:00:00,completed,True
51060,455,2024-01-13 22:00:00,completed,True
51061,319,2024-04-22 02:00:00,completed,True
51062,366,2024-04-11 10:00:00,completed,False
51063,391,2024-05-25 05:00:00,completed,True
51064,314,2025-01-13 21:00:00,completed,False
51065,26,2024-10-26 12:00:00,completed,True
51066,214,2025-05-10 02:00:00,completed,True
51067,71,2024-06-24 16:00:00,completed,False
51068,256,2025-04-09 01:00:00,pending,True
51069,72,2024-01-23 06:00:00,completed,True
51070,255,2024-09-09 17:00:00,pending,True
51071,172,2025-02-03 12:00:00,completed,False
51072,11,2024-09-22 18:00:00,pending,True
51073,63,2025-04-11 13:00:00,completed,False
51074,252,2024-06-06 20:00:00,completed,True
51075,40,2024-01-17 13:00:00,completed,True
51076,428,2025-01-21 01:00:00,pending,True
51077,380,2024-02-04 01:00:00,completed,True
51078,355,2025-01-17 18:00:00,completed,False
51079,87,2025-01-01 00:00:00,completed,False
51080,398,2025-02-26 09:00:00,completed,False
51081,318,2024-08-27 00:00:00,pending,False
51082,196,2025-03-23 07:00:00,completed,True
51083,1,2024-03-25 14:00:00,completed,True
51084,265,2024-08-05 04:00:00,completed,False
51085,398,2024-03-01 11:00:00,completed,True
51086,17,2025-01-18 23:00:00,completed,False
51087,27,2024-12-23 01:00:00,completed,True
51088,192,2025-02-07 01:00:00,completed,True
51089,256,2025-01-17 06:00:00,completed,True
51090,238,2024-06-03 19:00:00,pending,True
51091,214,2024-02-04 09:00:00,completed,True
51092,128,2025-04-09 15:00:00,completed,True
51093,30,2024-09-03 00:00:00,completed,True
51094,16,2024-02-17 17:00:00,pending,True
51095,50,2025-04-08 01:00:00,completed,True
51096,346,2025-05-12 17:00:00,completed,True
51097,393,2024-08-10 03:00:00,completed,True
51098,218,2025-01-20 20:00:00,pending,False
51099,39,2024-01-19 07:00:00,pending,True
51100,208,2024-02-16 04:00:00,completed,True
51101,493,2024-05-18 08:00:00,pending,True
51102,125,2024-11-24 00:00:00,completed,True
51103,246,2024-03-07 03:00:00,completed,True
51104,269,2024-01-18 14:00:00,completed,True
51105,165,2024-11-30 07:00:00,completed,True
51106,220,2025-01-20 08:00:00,completed,True
51107,236,2025-01-04 19:00:00,pending,True
51108,237,2025-02-03 02:00:00,pending,True
51109,359,2025-02-05 09:00:00,completed,True
51110,291,2024-10-28 04:00:00,completed,True
51111,27,2024-09-16 11:00:00,completed,True
51112,4,2025-03-04 07:00:00,completed,False
51113,206,2024-06-23 01:00:00,cancelled,True
51114,454,2024-02-18 01:00:00,completed,True
51115,19,2025-01-10 20:00:00,completed,True
51116,36,2024-05-17 01:00:00,completed,True
51117,340,2025-05-04 18:00:00,pending,True
51118,226,2024-07-26 21:00:00,cancelled,False
51119,116,2025-03-01 11:00:00,completed,False
51120,104,2024-01-22 07:00:00,completed,True
51121,333,2024-11-25 18:00:00,completed,True
51122,262,2024-08-12 23:00:00,completed,False
51123,320,2024-08-19 02:00:00,completed,True
51124,141,2024-05-12 23:00:00,pending,True
51125,264,2025-04-30 22:00:00,completed,False
51126,431,2024-07-15 03:00:00,pending,True
51127,159,2025-03-01 01:00:00,completed,True
51128,199,2024-07-31 17:00:00,completed,True
51129,82,2024-01-25 01:00:00,pending,True
51130,320,2025-03-15 14:00:00,completed,True
51131,17,2024-04-02 01:00:00,completed,True
51132,125,2024-05-15 16:00:00,pending,True
51133,357,2025-03-06 05:00:00,completed,True
51134,10,2025-03-22 02:00:00,pending,True
51135,495,2025-04-03 01:00:00,completed,False
51136,203,2024-07-31 04:00:00,cancelled,True
51137,200,2025-01-13 12:00:00,completed,False
51138,269,2024-06-12 01:00:00,completed,True
51139,320,2025-01-05 19:00:00,pending,True
51140,230,2024-09-08 14:00:00,completed,True
51141,443,2024-01-26 07:00:00,completed,True
51142,482,2024-07-27 23:00:00,completed,True
51143,101,2024-08-21 15:00:00,completed,False
51144,354,2024-05-08 16:00:00,pending,False
51145,151,2024-07-06 04:00:00,completed,False
51146,498,2024-09-08 17:00:00,completed,True
51147,127,2024-01-25 13:00:00,completed,True
51148,148,2024-03-16 23:00:00,cancelled,True
51149,358,2025-01-18 11:00:00,cancelled,True
51150,395,2024-06-24 16:00:00,cancelled,False
51151,65,2024-10-31 08:00:00,completed,False
51152,278,2024-10-09 00:00:00,completed,True
51153,173,2024-10-02 03:00:00,completed,False
51154,306,2024-07-25 20:00:00,completed,False
51155,279,2024-08-29 17:00:00,completed,True
51156,493,2025-02-15 08:00:00,completed,False
51157,467,2025-04-27 16:00:00,completed,True
51158,327,2024-05-08 00:00:00,completed,True
51159,340,2024-11-30 00:00:00,completed,True
51160,450,2025-04-29 12:00:00,completed,True
51161,92,2024-01-04 14:00:00,completed,True
51162,363,2025-01-27 22:00:00,pending,False
51163,387,2024-09-05 18:00:00,completed,True
51164,64,2025-04-28 06:00:00,pending,True
51165,441,2024-10-16 19:00:00,completed,True
51166,350,2025-02-23 11:00:00,completed,True
51167,174,2024-03-24 19:00:00,completed,False
51168,243,2024-03-12 04:00:00,completed,True
51169,245,2025-04-08 00:00:00,completed,False
51170,460,2024-09-20 01:00:00,completed,True
51171,485,2024-10-06 23:00:00,completed,True
51172,404,2024-03-25 01:00:00,pending,True
51173,327,2024-04-23 22:00:00,completed,True
51174,53,2025-02-13 17:00:00,completed,False
51175,458,2024-05-31 03:00:00,completed,True
51176,67,2024-10-19 20:00:00,completed,True
51177,84,2024-06-07 03:00:00,completed,True
51178,35,2024-05-11 03:00:00,completed,False
51179,474,2024-03-24 13:00:00,completed,True
51180,247,2025-04-09 06:00:00,completed,False
51181,118,2025-04-15 06:00:00,cancelled,False
51182,41,2024-02-27 04:00:00,cancelled,True
51183,206,2024-06-25 14:00:00,completed,True
51184,362,2024-10-08 00:00:00,pending,True
51185,498,2024-07-10 05:00:00,completed,True
51186,277,2024-12-26 13:00:00,completed,False
51187,304,2024-05-10 11:00:00,pending,True
51188,418,2024-01-30 16:00:00,completed,False
51189,451,2024-06-17 05:00:00,completed,True
51190,140,2024-10-25 15:00:00,completed,True
51191,496,2024-03-31 18:00:00,completed,False
51192,260,2025-02-11 09:00:00,completed,True
51193,466,2024-01-07 06:00:00,completed,True
51194,59,2024-02-03 13:00:00,completed,True
51195,49,2024-09-11 13:00:00,completed,True
51196,443,2024-09-13 02:00:00,completed,False
51197,337,2024-05-27 13:00:00,completed,True
51198,88,2024-05-09 03:00:00,pending,False
51199,448,2024-02-04 13:00:00,completed,True
51200,52,2024-11-27 22:00:00,completed,True
51201,342,2024-07-08 12:00:00,completed,True
51202,103,2024-02-29 18:00:00,completed,False
51203,36,2024-07-18 07:00:00,completed,True
51204,404,2025-04-13 22:00:00,completed,True
51205,424,2024-05-10 19:00:00,completed,True
51206,53,2025-03-23 22:00:00,completed,True
51207,47,2024-05-09 17:00:00,completed,False
51208,308,2024-04-02 15:00:00,pending,True
51209,15,2024-05-10 12:00:00,completed,False
51210,374,2024-06-10 22:00:00,completed,True
51211,458,2024-03-01 20:00:00,completed,True
51212,376,2024-10-20 10:00:00,completed,True
51213,116,2024-06-15 02:00:00,completed,False
51214,96,2024-12-25 00:00:00,completed,True
51215,341,2024-09-02 05:00:00,completed,True
51216,31,2024-08-09 01:00:00,completed,True
51217,269,2024-08-23 05:00:00,completed,True
51218,225,2024-03-19 02:00:00,completed,True
51219,373,2024-12-22 23:00:00,completed,False
51220,102,2024-02-22 02:00:00,completed,True
51221,382,2024-12-26 15:00:00,completed,True
51222,350,2025-05-14 08:00:00,pending,True
51223,120,2025-01-16 04:00:00,completed,True
51224,179,2024-08-15 16:00:00,completed,True
51225,34,2024-06-06 23:00:00,completed,False
51226,225,2025-03-12 18:00:00,completed,True
51227,131,2024-05-08 23:00:00,completed,False
51228,57,2024-08-29 14:00:00,completed,True
51229,280,2025-01-20 16:00:00,completed,False
51230,284,2025-04-06 03:00:00,completed,True
51231,43,2025-04-05 20:00:00,completed,False
51232,93,2024-02-13 17:00:00,completed,True
51233,42,2025-03-25 06:00:00,completed,True
51234,340,2024-02-27 08:00:00,completed,True
51235,170,2024-10-19 14:00:00,completed,True
51236,36,2025-04-09 00:00:00,completed,True
51237,96,2024-11-23 19:00:00,pending,True
51238,488,2025-04-18 06:00:00,completed,False
51239,128,2024-06-21 01:00:00,completed,False
51240,343,2024-06-06 07:00:00,completed,True
51241,235,2024-06-12 20:00:00,completed,False
51242,91,2024-06-26 06:00:00,completed,True
51243,154,2024-12-07 12:00:00,completed,True
51244,8,2024-08-14 19:00:00,completed,True
51245,374,2025-01-03 00:00:00,completed,True
51246,168,2024-07-27 18:00:00,pending,True
51247,250,2024-06-02 06:00:00,cancelled,True
51248,77,2024-04-05 16:00:00,completed,True
51249,413,2024-10-02 04:00:00,completed,True
51250,110,2025-03-25 03:00:00,completed,False
51251,284,2025-03-05 18:00:00,cancelled,True
51252,437,2024-05-06 19:00:00,pending,False
51253,357,2024-08-26 23:00:00,completed,True
51254,302,2024-12-18 16:00:00,completed,True
51255,445,2024-11-02 11:00:00,completed,True
51256,89,2024-02-03 04:00:00,pending,False
51257,482,2024-10-22 07:00:00,completed,True
51258,279,2024-01-20 15:00:00,completed,True
51259,205,2024-02-28 08:00:00,completed,False
51260,128,2024-11-22 11:00:00,completed,False
51261,373,2024-02-21 04:00:00,completed,True
51262,489,2024-06-18 10:00:00,completed,True
51263,346,2024-10-21 05:00:00,completed,True
51264,17,2024-11-23 02:00:00,completed,True
51265,235,2024-08-10 03:00:00,completed,False
51266,367,2024-02-17 12:00:00,completed,True
51267,199,2025-02-03 08:00:00,pending,True
51268,387,2025-04-19 02:00:00,completed,True
51269,354,2025-03-20 12:00:00,completed,True
51270,34,2025-01-09 03:00:00,completed,True
51271,279,2024-07-20 00:00:00,completed,True
51272,86,2025-03-14 03:00:00,completed,True
51273,244,2024-09-01 10:00:00,completed,True
51274,193,2024-03-09 22:00:00,completed,True
51275,404,2025-03-01 05:00:00,completed,True
51276,435,2024-06-09 06:00:00,completed,True
51277,231,2025-04-14 05:00:00,completed,True
51278,269,2024-07-03 08:00:00,completed,False
51279,314,2025-03-10 17:00:00,completed,False
51280,328,2024-09-25 07:00:00,completed,False
51281,318,2024-08-21 15:00:00,completed,True
51282,392,2024-05-28 21:00:00,completed,True
51283,491,2025-02-21 22:00:00,completed,True
51284,415,2024-01-31 13:00:00,cancelled,False
51285,68,2024-08-22 17:00:00,completed,True
51286,239,2024-07-03 22:00:00,completed,True
51287,231,2024-09-28 18:00:00,completed,True
51288,255,2024-05-07 07:00:00,completed,True
51289,265,2024-11-28 03:00:00,pending,False
51290,360,2024-07-11 02:00:00,completed,True
51291,211,2024-04-04 21:00:00,cancelled,True
51292,132,2024-04-08 13:00:00,completed,False
51293,229,2024-12-14 07:00:00,completed,True
51294,428,2024-05-10 08:00:00,pending,True
51295,156,2024-06-02 06:00:00,completed,True
51296,11,2024-11-09 19:00:00,completed,True
51297,489,2024-06-13 14:00:00,completed,True
51298,98,2024-07-13 21:00:00,pending,True
51299,302,2024-05-02 07:00:00,completed,False
51300,401,2024-06-21 11:00:00,completed,True
51301,138,2024-12-12 02:00:00,pending,True
51302,171,2024-09-23 23:00:00,completed,True
51303,141,2025-05-13 12:00:00,completed,False
51304,75,2025-01-20 13:00:00,completed,True
51305,77,2024-01-09 09:00:00,completed,False
51306,94,2024-07-08 06:00:00,pending,True
51307,230,2024-05-24 22:00:00,completed,True
51308,266,2024-10-20 11:00:00,completed,False
51309,8,2024-05-12 16:00:00,completed,True
51310,424,2025-04-28 00:00:00,completed,True
51311,338,2024-05-29 06:00:00,cancelled,False
51312,36,2024-09-17 19:00:00,completed,True
51313,422,2024-03-02 02:00:00,completed,True
51314,16,2025-03-30 02:00:00,completed,False
51315,281,2025-03-31 19:00:00,completed,False
51316,233,2025-01-31 07:00:00,completed,False
51317,252,2024-06-24 06:00:00,completed,False
51318,479,2024-01-30 13:00:00,completed,True
51319,464,2024-12-21 04:00:00,pending,False
51320,140,2024-08-02 01:00:00,completed,True
51321,290,2025-05-10 00:00:00,completed,True
51322,480,2024-12-15 01:00:00,completed,True
51323,365,2024-09-26 03:00:00,completed,False
51324,444,2025-05-08 16:00:00,completed,True
51325,218,2025-02-04 07:00:00,completed,False
51326,142,2024-08-17 01:00:00,completed,True
51327,256,2024-01-10 00:00:00,completed,True
51328,409,2024-02-16 11:00:00,completed,True
51329,465,2024-08-09 20:00:00,pending,True
51330,343,2024-10-08 08:00:00,completed,True
51331,354,2024-01-16 01:00:00,cancelled,True
51332,256,2024-03-04 05:00:00,completed,True
51333,160,2024-12-18 11:00:00,completed,True
51334,212,2025-01-10 04:00:00,completed,True
51335,249,2024-01-15 23:00:00,completed,True
51336,408,2024-09-10 18:00:00,completed,True
51337,278,2024-02-10 08:00:00,completed,True
51338,397,2024-12-27 22:00:00,completed,True
51339,14,2025-02-21 07:00:00,completed,True
51340,379,2025-03-10 03:00:00,pending,True
51341,254,2024-10-26 22:00:00,completed,True
51342,500,2024-11-10 23:00:00,completed,True
51343,236,2025-04-08 07:00:00,completed,True
51344,240,2024-11-02 14:00:00,completed,True
51345,64,2024-08-11 04:00:00,completed,True
51346,404,2025-01-12 15:00:00,completed,True
51347,351,2024-10-22 16:00:00,completed,False
51348,432,2025-02-25 17:00:00,completed,True
51349,47,2024-09-19 13:00:00,completed,True
51350,106,2025-03-10 16:00:00,completed,False
51351,439,2024-01-23 13:00:00,completed,True
51352,22,2024-01-19 19:00:00,completed,True
51353,255,2024-02-19 04:00:00,completed,False
51354,203,2024-10-05 11:00:00,completed,True
51355,470,2024-12-20 09:00:00,completed,False
51356,429,2024-04-18 12:00:00,completed,True
51357,449,2024-03-18 03:00:00,completed,True
51358,145,2025-03-06 07:00:00,completed,True
51359,294,2025-01-10 22:00:00,completed,True
51360,351,2024-11-20 02:00:00,completed,False
51361,484,2024-09-01 15:00:00,completed,True
51362,4,2024-07-29 15:00:00,completed,True
51363,489,2024-01-11 11:00:00,completed,True
51364,178,2024-04-04 00:00:00,completed,False
51365,65,2025-03-24 00:00:00,completed,True
51366,308,2024-06-18 06:00:00,completed,False
51367,391,2024-12-18 02:00:00,completed,True
51368,65,2024-12-17 02:00:00,completed,False
51369,21,2024-06-03 03:00:00,completed,True
51370,449,2024-04-12 04:00:00,completed,True
51371,467,2024-12-11 20:00:00,completed,True
51372,79,2024-02-16 15:00:00,completed,True
51373,453,2024-09-04 00:00:00,completed,True
51374,455,2025-03-20 15:00:00,cancelled,True
51375,499,2024-12-21 03:00:00,cancelled,False
51376,109,2025-01-17 10:00:00,completed,False
51377,290,2024-02-11 00:00:00,completed,False
51378,498,2024-04-09 02:00:00,completed,False
51379,452,2024-05-17 03:00:00,completed,False
51380,303,2024-05-26 10:00:00,completed,True
51381,99,2024-04-07 11:00:00,completed,True
51382,43,2025-05-01 08:00:00,completed,False
51383,130,2024-03-23 14:00:00,pending,False
51384,33,2024-12-20 17:00:00,completed,False
51385,98,2024-10-20 17:00:00,completed,False
51386,38,2024-11-01 13:00:00,completed,True
51387,382,2024-04-17 13:00:00,completed,False
51388,295,2024-06-02 11:00:00,completed,False
51389,259,2024-10-30 05:00:00,cancelled,True
51390,405,2024-05-29 11:00:00,completed,False
51391,206,2024-12-13 00:00:00,completed,True
51392,202,2024-01-20 23:00:00,completed,False
51393,104,2024-02-06 08:00:00,cancelled,True
51394,223,2024-12-30 18:00:00,pending,False
51395,88,2024-11-04 22:00:00,completed,True
51396,295,2024-01-22 11:00:00,completed,True
51397,499,2025-03-25 20:00:00,completed,True
51398,267,2024-01-03 11:00:00,completed,True
51399,150,2025-04-22 03:00:00,pending,True
51400,345,2024-12-30 00:00:00,completed,False
51401,411,2025-05-09 03:00:00,completed,True
51402,236,2025-04-19 22:00:00,completed,False
51403,126,2024-06-05 11:00:00,completed,True
51404,357,2025-01-13 07:00:00,completed,True
51405,94,2024-04-15 10:00:00,completed,False
51406,499,2024-08-23 06:00:00,completed,False
51407,159,2024-04-30 20:00:00,completed,True
51408,176,2024-08-31 23:00:00,pending,False
51409,364,2025-03-12 02:00:00,completed,False
51410,7,2024-08-06 17:00:00,pending,True
51411,102,2024-02-16 08:00:00,completed,False
51412,63,2024-06-11 01:00:00,completed,False
51413,196,2025-01-28 22:00:00,completed,True
51414,277,2024-09-17 01:00:00,completed,True
51415,90,2024-10-07 04:00:00,completed,True
51416,173,2024-08-03 00:00:00,completed,True
51417,387,2024-05-26 11:00:00,completed,False
51418,470,2024-10-26 14:00:00,pending,False
51419,8,2024-11-12 07:00:00,completed,True
51420,314,2025-03-25 01:00:00,cancelled,True
51421,13,2024-11-04 02:00:00,cancelled,True
51422,261,2025-05-12 22:00:00,pending,True
51423,440,2025-02-17 19:00:00,completed,False
51424,400,2024-02-09 22:00:00,pending,True
51425,117,2024-07-15 12:00:00,pending,True
51426,130,2024-07-11 13:00:00,pending,True
51427,392,2024-01-02 18:00:00,completed,True
51428,410,2024-03-31 14:00:00,completed,False
51429,141,2025-01-16 10:00:00,pending,False
51430,2,2024-06-25 07:00:00,completed,True
51431,223,2024-03-14 11:00:00,completed,True
51432,310,2024-05-23 01:00:00,completed,True
51433,222,2024-05-17 04:00:00,completed,True
51434,468,2024-03-28 17:00:00,completed,True
51435,407,2024-02-20 20:00:00,cancelled,True
51436,394,2025-01-17 02:00:00,pending,False
51437,11,2025-02-16 02:00:00,pending,True
51438,427,2024-09-05 02:00:00,completed,True
51439,378,2024-11-03 18:00:00,completed,True
51440,199,2025-04-04 07:00:00,completed,False
51441,295,2025-02-25 07:00:00,completed,True
51442,413,2024-01-17 00:00:00,completed,True
51443,454,2025-04-21 23:00:00,completed,False
51444,276,2024-02-03 10:00:00,cancelled,True
51445,21,2024-01-14 19:00:00,completed,False
51446,310,2024-07-20 16:00:00,completed,True
51447,341,2025-01-07 03:00:00,completed,False
51448,30,2024-02-10 19:00:00,completed,False
51449,409,2024-05-26 13:00:00,completed,True
51450,101,2024-05-11 14:00:00,completed,True
51451,446,2024-07-17 04:00:00,completed,True
51452,276,2025-05-08 20:00:00,completed,False
51453,162,2024-06-14 22:00:00,pending,False
51454,30,2024-04-14 09:00:00,completed,False
51455,9,2024-03-02 02:00:00,completed,False
51456,371,2024-04-09 20:00:00,completed,True
51457,189,2024-03-07 21:00:00,completed,True
51458,421,2024-10-13 12:00:00,completed,True
51459,116,2024-07-29 13:00:00,completed,False
51460,461,2024-09-05 05:00:00,pending,False
51461,471,2025-02-20 01:00:00,completed,True
51462,51,2024-10-17 22:00:00,completed,True
51463,324,2024-03-18 11:00:00,completed,True
51464,470,2024-07-07 06:00:00,completed,False
51465,162,2024-06-05 16:00:00,completed,False
51466,34,2025-02-17 00:00:00,pending,True
51467,438,2024-06-02 01:00:00,completed,True
51468,238,2024-03-10 05:00:00,completed,True
51469,14,2025-01-03 10:00:00,completed,True
51470,421,2024-08-02 08:00:00,completed,False
51471,340,2024-02-17 04:00:00,pending,True
51472,36,2024-12-10 08:00:00,completed,True
51473,130,2024-04-15 08:00:00,completed,True
51474,10,2025-03-10 12:00:00,completed,True
51475,478,2025-02-20 13:00:00,completed,False
51476,13,2024-07-03 21:00:00,completed,True
51477,398,2024-10-04 19:00:00,completed,True
51478,256,2024-10-10 07:00:00,completed,True
51479,292,2024-11-22 21:00:00,completed,False
51480,406,2024-02-04 12:00:00,pending,False
51481,448,2024-06-11 04:00:00,completed,True
51482,64,2024-03-26 08:00:00,completed,True
51483,9,2024-12-14 17:00:00,completed,True
51484,63,2024-02-04 19:00:00,completed,True
51485,342,2024-09-15 08:00:00,completed,True
51486,285,2024-12-29 03:00:00,completed,False
51487,42,2025-04-19 04:00:00,completed,False
51488,118,2024-05-24 02:00:00,completed,True
51489,269,2024-01-04 16:00:00,completed,True
51490,366,2024-12-27 12:00:00,completed,True
51491,172,2024-01-01 10:00:00,completed,True
51492,475,2024-02-03 16:00:00,completed,True
51493,497,2025-05-10 19:00:00,completed,True
51494,384,2025-03-07 19:00:00,completed,False
51495,228,2024-12-19 03:00:00,cancelled,True
51496,439,2025-02-21 14:00:00,completed,False
51497,364,2024-02-07 21:00:00,completed,True
51498,260,2024-02-14 18:00:00,completed,True
51499,222,2024-05-30 07:00:00,completed,True
51500,417,2024-01-12 09:00:00,completed,False
51501,279,2025-03-20 21:00:00,completed,True
51502,92,2024-01-29 00:00:00,completed,True
51503,500,2024-09-29 12:00:00,pending,False
51504,35,2025-03-02 02:00:00,pending,False
51505,348,2025-01-02 21:00:00,completed,True
51506,328,2024-04-27 00:00:00,cancelled,True
51507,294,2024-08-23 00:00:00,cancelled,True
51508,26,2024-10-01 07:00:00,completed,False
51509,247,2025-01-18 04:00:00,completed,True
51510,447,2024-08-01 11:00:00,completed,True
51511,120,2024-05-22 07:00:00,completed,True
51512,346,2025-02-01 08:00:00,completed,True
51513,430,2025-03-19 13:00:00,completed,False
51514,477,2024-09-01 13:00:00,cancelled,False
51515,259,2024-01-15 22:00:00,completed,True
51516,157,2024-09-07 11:00:00,completed,False
51517,350,2025-03-20 13:00:00,completed,True
51518,244,2025-05-09 16:00:00,completed,True
51519,314,2024-07-19 04:00:00,pending,True
51520,371,2024-03-16 16:00:00,completed,False
51521,356,2024-10-13 20:00:00,completed,True
51522,122,2025-02-19 07:00:00,completed,True
51523,378,2025-04-17 04:00:00,completed,False
51524,271,2024-01-26 08:00:00,completed,True
51525,466,2024-05-25 06:00:00,completed,False
51526,330,2024-08-26 14:00:00,completed,True
51527,446,2024-02-19 20:00:00,completed,True
51528,490,2025-03-19 14:00:00,completed,True
51529,498,2024-02-26 03:00:00,completed,True
51530,373,2024-11-28 07:00:00,completed,True
51531,299,2025-04-04 16:00:00,completed,True
51532,60,2024-12-08 07:00:00,completed,False
51533,194,2025-01-16 14:00:00,completed,False
51534,238,2024-05-11 16:00:00,completed,False
51535,391,2025-02-17 07:00:00,completed,True
51536,295,2024-07-28 15:00:00,completed,True
51537,220,2024-01-31 09:00:00,cancelled,True
51538,74,2024-07-02 03:00:00,completed,True
51539,358,2024-06-23 08:00:00,completed,False
51540,216,2024-09-17 10:00:00,completed,True
51541,19,2024-05-12 00:00:00,completed,True
51542,143,2024-08-19 21:00:00,completed,True
51543,440,2024-08-01 12:00:00,completed,True
51544,60,2024-06-12 00:00:00,completed,True
51545,204,2024-12-14 20:00:00,completed,True
51546,257,2024-06-01 20:00:00,completed,True
51547,42,2025-01-17 00:00:00,completed,True
51548,83,2024-05-05 03:00:00,completed,True
51549,471,2025-03-08 08:00:00,pending,False
51550,296,2024-07-01 12:00:00,completed,True
51551,106,2024-01-21 17:00:00,completed,True
51552,85,2024-03-15 10:00:00,completed,True
51553,213,2025-02-07 14:00:00,completed,True
51554,362,2025-03-12 00:00:00,completed,False
51555,366,2024-04-15 15:00:00,completed,True
51556,98,2024-10-28 21:00:00,completed,False
51557,363,2024-10-14 12:00:00,completed,False
51558,449,2024-03-07 10:00:00,completed,True
51559,114,2024-08-13 07:00:00,completed,True
51560,14,2024-12-12 22:00:00,pending,True
51561,480,2025-04-28 00:00:00,completed,True
51562,261,2025-02-27 06:00:00,completed,True
51563,389,2024-02-18 03:00:00,completed,True
51564,161,2024-04-28 20:00:00,completed,True
51565,150,2024-08-06 11:00:00,pending,True
51566,113,2024-03-16 22:00:00,completed,True
51567,109,2024-10-12 15:00:00,completed,True
51568,236,2024-01-05 13:00:00,completed,False
51569,53,2024-02-26 12:00:00,completed,True
51570,422,2024-01-24 04:00:00,completed,True
51571,256,2024-05-27 13:00:00,cancelled,False
51572,458,2025-01-16 16:00:00,completed,True
51573,252,2024-03-29 23:00:00,completed,True
51574,152,2025-05-08 13:00:00,completed,True
51575,258,2024-05-14 22:00:00,completed,True
51576,78,2024-01-23 22:00:00,cancelled,False
51577,413,2024-06-16 12:00:00,completed,True
51578,361,2025-01-09 10:00:00,completed,True
51579,74,2024-02-23 03:00:00,completed,True
51580,291,2024-02-05 06:00:00,completed,True
51581,269,2025-02-28 21:00:00,completed,True
51582,101,2024-10-23 03:00:00,completed,False
51583,62,2024-06-20 09:00:00,completed,True
51584,381,2025-01-13 16:00:00,completed,True
51585,133,2025-02-26 05:00:00,completed,True
51586,260,2024-06-28 23:00:00,completed,False
51587,124,2024-10-07 15:00:00,completed,True
51588,327,2024-01-06 00:00:00,completed,True
51589,25,2024-06-02 05:00:00,completed,True
51590,180,2024-10-24 17:00:00,completed,False
51591,274,2024-04-08 20:00:00,pending,True
51592,220,2025-05-10 22:00:00,completed,False
51593,307,2025-04-30 20:00:00,completed,True
51594,91,2024-05-08 01:00:00,completed,False
51595,221,2024-07-17 17:00:00,completed,False
51596,379,2024-04-04 02:00:00,completed,True
51597,167,2024-09-08 01:00:00,completed,True
51598,79,2024-03-02 16:00:00,completed,True
51599,424,2024-07-14 11:00:00,completed,True
51600,390,2024-10-04 15:00:00,cancelled,True
51601,341,2024-11-01 20:00:00,completed,True
51602,400,2024-10-25 01:00:00,completed,False
51603,390,2024-04-20 12:00:00,completed,True
51604,374,2025-01-31 20:00:00,completed,True
51605,255,2024-12-11 10:00:00,completed,True
51606,10,2025-01-11 12:00:00,completed,True
51607,299,2024-08-21 11:00:00,completed,True
51608,137,2025-03-22 21:00:00,completed,True
51609,387,2024-07-13 01:00:00,completed,True
51610,235,2025-02-06 21:00:00,pending,False
51611,453,2024-04-11 19:00:00,completed,True
51612,298,2024-05-03 19:00:00,completed,False
51613,276,2024-09-20 09:00:00,completed,True
51614,460,2024-10-04 12:00:00,completed,True
51615,238,2025-01-08 08:00:00,completed,True
51616,188,2024-05-28 06:00:00,completed,True
51617,186,2025-03-12 21:00:00,completed,False
51618,438,2024-06-13 12:00:00,completed,True
51619,379,2024-09-24 17:00:00,completed,True
51620,82,2025-04-10 02:00:00,completed,False
51621,247,2024-09-26 18:00:00,completed,True
51622,186,2024-12-06 15:00:00,completed,False
51623,324,2025-03-30 23:00:00,completed,True
51624,27,2025-05-02 03:00:00,completed,False
51625,358,2024-09-06 12:00:00,completed,True
51626,372,2024-07-27 12:00:00,completed,True
51627,114,2024-04-08 12:00:00,completed,True
51628,76,2024-09-25 01:00:00,completed,True
51629,314,2025-04-04 11:00:00,completed,False
51630,129,2024-08-31 07:00:00,completed,True
51631,471,2024-06-23 14:00:00,pending,True
51632,388,2024-02-23 05:00:00,completed,True
51633,478,2024-07-13 10:00:00,completed,False
51634,268,2024-04-28 14:00:00,completed,True
51635,470,2025-05-03 01:00:00,completed,False
51636,7,2024-09-20 18:00:00,completed,True
51637,145,2024-03-09 17:00:00,completed,False
51638,2,2024-02-03 01:00:00,completed,True
51639,339,2025-03-01 01:00:00,pending,True
51640,256,2025-04-10 20:00:00,completed,True
51641,144,2025-01-16 06:00:00,completed,True
51642,153,2024-03-02 20:00:00,completed,False
51643,322,2024-02-19 11:00:00,completed,False
51644,91,2024-04-08 08:00:00,completed,True
51645,258,2025-01-10 06:00:00,completed,False
51646,307,2025-01-17 15:00:00,completed,True
51647,120,2025-02-22 02:00:00,pending,True
51648,115,2024-02-18 09:00:00,cancelled,True
51649,178,2024-03-17 08:00:00,completed,True
51650,297,2025-03-26 03:00:00,completed,True
51651,128,2025-04-09 08:00:00,pending,True
51652,190,2024-12-28 12:00:00,completed,True
51653,272,2024-02-23 16:00:00,completed,False
51654,94,2024-02-04 02:00:00,completed,False
51655,285,2024-01-28 20:00:00,pending,True
51656,70,2024-12-11 21:00:00,pending,True
51657,72,2025-02-26 16:00:00,completed,False
51658,119,2024-11-11 22:00:00,completed,True
51659,144,2024-05-11 10:00:00,completed,False
51660,15,2025-01-13 19:00:00,completed,True
51661,481,2024-01-30 17:00:00,pending,True
51662,155,2025-02-18 13:00:00,completed,True
51663,403,2025-03-21 04:00:00,completed,False
51664,451,2024-12-25 13:00:00,completed,False
51665,401,2025-03-15 21:00:00,completed,True
51666,416,2024-10-20 23:00:00,pending,False
51667,51,2024-08-22 10:00:00,completed,False
51668,187,2024-06-10 05:00:00,completed,True
51669,374,2025-04-05 17:00:00,completed,False
51670,288,2024-12-14 01:00:00,completed,True
51671,3,2024-04-05 03:00:00,completed,True
51672,284,2025-04-23 13:00:00,completed,True
51673,403,2024-01-30 23:00:00,completed,False
51674,415,2024-10-20 07:00:00,completed,False
51675,192,2024-04-05 10:00:00,completed,True
51676,119,2024-11-28 07:00:00,completed,True
51677,155,2024-07-25 10:00:00,completed,True
51678,149,2024-08-06 00:00:00,completed,False
51679,174,2024-12-01 14:00:00,completed,False
51680,151,2025-01-13 14:00:00,completed,True
51681,229,2024-07-09 07:00:00,completed,True
51682,21,2025-05-13 06:00:00,completed,True
51683,138,2024-09-06 18:00:00,completed,True
51684,158,2024-03-21 04:00:00,completed,True
51685,77,2024-01-04 01:00:00,pending,True
51686,439,2024-04-11 00:00:00,completed,True
51687,338,2024-12-11 21:00:00,completed,True
51688,456,2024-09-26 08:00:00,cancelled,False
51689,281,2024-06-17 02:00:00,completed,True
51690,55,2024-08-28 21:00:00,pending,True
51691,453,2025-02-23 03:00:00,completed,False
51692,230,2024-10-12 08:00:00,pending,False
51693,343,2024-01-30 00:00:00,pending,True
51694,191,2024-01-25 16:00:00,cancelled,True
51695,248,2024-08-29 16:00:00,completed,True
51696,245,2024-07-21 18:00:00,completed,True
51697,143,2025-03-01 06:00:00,completed,True
51698,278,2024-10-18 07:00:00,completed,True
51699,367,2025-01-13 22:00:00,completed,True
51700,11,2024-10-19 19:00:00,cancelled,True
51701,66,2024-06-21 00:00:00,completed,False
51702,422,2024-11-24 16:00:00,completed,True
51703,285,2024-11-06 19:00:00,completed,True
51704,487,2024-12-26 13:00:00,completed,True
51705,303,2024-04-04 15:00:00,completed,False
51706,327,2024-11-16 00:00:00,completed,True
51707,450,2024-05-22 00:00:00,completed,True
51708,331,2025-01-30 00:00:00,pending,True
51709,165,2025-02-03 03:00:00,completed,True
51710,264,2024-11-08 23:00:00,completed,False
51711,118,2025-04-18 15:00:00,completed,False
51712,168,2024-09-25 18:00:00,pending,True
51713,341,2024-01-13 07:00:00,cancelled,True
51714,75,2024-10-30 22:00:00,completed,True
51715,336,2025-01-23 04:00:00,completed,True
51716,293,2024-02-20 21:00:00,completed,True
51717,155,2024-02-22 00:00:00,completed,False
51718,23,2024-05-16 00:00:00,completed,False
51719,353,2025-02-26 01:00:00,completed,True
51720,413,2024-09-20 19:00:00,completed,True
51721,366,2025-05-03 06:00:00,completed,True
51722,211,2025-03-12 10:00:00,completed,True
51723,327,2024-10-04 11:00:00,pending,True
51724,208,2024-12-05 18:00:00,completed,False
51725,180,2024-06-14 08:00:00,completed,False
51726,164,2024-02-15 00:00:00,completed,True
51727,106,2024-07-18 09:00:00,pending,True
51728,485,2024-10-23 06:00:00,completed,True
51729,334,2024-04-01 17:00:00,completed,False
51730,88,2024-04-20 18:00:00,completed,True
51731,433,2024-01-08 02:00:00,completed,True
51732,76,2025-01-02 19:00:00,cancelled,True
51733,297,2025-03-25 01:00:00,completed,True
51734,83,2025-02-17 14:00:00,completed,True
51735,181,2024-07-08 09:00:00,completed,True
51736,330,2024-10-23 07:00:00,completed,True
51737,500,2025-04-25 11:00:00,completed,False
51738,496,2024-10-22 07:00:00,completed,True
51739,448,2024-05-27 19:00:00,completed,True
51740,118,2024-06-18 23:00:00,completed,False
51741,47,2024-12-29 19:00:00,pending,True
51742,453,2024-08-11 10:00:00,pending,True
51743,462,2025-02-22 12:00:00,pending,True
51744,140,2025-03-08 10:00:00,completed,True
51745,10,2024-01-18 19:00:00,completed,False
51746,324,2024-12-27 13:00:00,completed,True
51747,39,2024-07-03 11:00:00,cancelled,True
51748,21,2024-09-16 09:00:00,completed,True
51749,469,2024-05-12 09:00:00,completed,True
51750,248,2024-07-03 13:00:00,completed,True
51751,57,2024-06-14 16:00:00,completed,False
51752,328,2024-01-26 10:00:00,pending,False
51753,185,2025-01-26 19:00:00,completed,False
51754,269,2024-03-12 19:00:00,completed,True
51755,450,2024-07-06 10:00:00,completed,True
51756,119,2024-04-06 21:00:00,completed,False
51757,324,2024-03-21 04:00:00,completed,True
51758,415,2024-07-05 22:00:00,cancelled,True
51759,212,2025-04-04 07:00:00,completed,False
51760,486,2025-04-17 13:00:00,completed,True
51761,225,2024-07-09 06:00:00,completed,True
51762,230,2024-09-09 10:00:00,completed,False
51763,443,2025-05-07 08:00:00,completed,True
51764,318,2024-04-27 16:00:00,completed,True
51765,435,2025-04-17 01:00:00,pending,True
51766,396,2024-02-22 20:00:00,completed,False
51767,357,2024-04-22 21:00:00,completed,True
51768,121,2024-06-18 13:00:00,completed,False
51769,200,2024-01-19 13:00:00,completed,True
51770,433,2025-02-11 16:00:00,completed,True
51771,309,2025-03-03 04:00:00,pending,True
51772,141,2024-07-10 17:00:00,completed,True
51773,164,2025-02-22 05:00:00,cancelled,True
51774,388,2025-01-21 16:00:00,completed,True
51775,90,2025-02-04 07:00:00,completed,True
51776,57,2025-02-05 17:00:00,completed,True
51777,383,2024-10-13 18:00:00,completed,False
51778,145,2024-02-25 05:00:00,pending,False
51779,383,2025-04-06 14:00:00,completed,True
51780,267,2024-10-31 11:00:00,completed,True
51781,499,2025-03-26 07:00:00,completed,True
51782,263,2025-04-24 14:00:00,pending,True
51783,434,2024-04-03 23:00:00,completed,True
51784,426,2024-07-20 00:00:00,completed,True
51785,106,2024-04-06 22:00:00,completed,True
51786,499,2024-01-26 20:00:00,pending,True
51787,373,2025-04-28 12:00:00,completed,False
51788,54,2025-04-06 14:00:00,completed,True
51789,4,2025-04-10 08:00:00,cancelled,True
51790,136,2025-03-17 03:00:00,completed,True
51791,9,2024-11-20 13:00:00,completed,True
51792,179,2024-09-18 19:00:00,completed,True
51793,499,2025-05-10 05:00:00,completed,True
51794,240,2024-10-03 17:00:00,completed,False
51795,12,2024-11-17 17:00:00,completed,True
51796,247,2024-04-15 18:00:00,completed,True
51797,110,2025-01-08 08:00:00,completed,True
51798,429,2025-02-13 09:00:00,completed,False
51799,46,2024-12-05 09:00:00,completed,False
51800,386,2024-09-06 20:00:00,completed,False
51801,223,2024-04-08 21:00:00,completed,True
51802,10,2024-01-17 09:00:00,completed,True
51803,337,2024-11-09 23:00:00,completed,True
51804,228,2024-12-07 13:00:00,completed,False
51805,386,2025-01-21 09:00:00,completed,False
51806,310,2025-04-20 00:00:00,completed,False
51807,394,2024-09-05 14:00:00,cancelled,True
51808,231,2025-02-18 15:00:00,completed,False
51809,4,2024-12-24 23:00:00,completed,False
51810,66,2024-05-18 17:00:00,completed,True
51811,230,2025-02-26 00:00:00,completed,True
51812,199,2024-01-27 13:00:00,completed,True
51813,398,2024-10-26 17:00:00,completed,True
51814,206,2025-04-15 11:00:00,cancelled,True
51815,431,2024-11-25 10:00:00,completed,True
51816,94,2025-04-13 19:00:00,completed,False
51817,193,2024-01-29 14:00:00,completed,False
51818,379,2024-09-23 16:00:00,completed,False
51819,63,2025-01-25 11:00:00,pending,True
51820,161,2024-11-17 06:00:00,completed,True
51821,376,2025-03-16 12:00:00,completed,True
51822,295,2024-08-19 23:00:00,completed,False
51823,390,2024-12-07 14:00:00,completed,True
51824,258,2024-07-28 16:00:00,completed,False
51825,430,2025-03-12 02:00:00,completed,True
51826,439,2024-02-29 23:00:00,completed,True
51827,488,2024-05-07 05:00:00,completed,False
51828,62,2024-02-18 23:00:00,completed,True
51829,296,2024-12-17 10:00:00,completed,False
51830,58,2024-04-26 22:00:00,completed,True
51831,115,2024-06-07 21:00:00,completed,True
51832,151,2025-02-22 18:00:00,completed,True
51833,324,2024-06-29 21:00:00,completed,False
51834,216,2024-03-13 14:00:00,pending,True
51835,433,2024-01-11 20:00:00,completed,False
51836,150,2024-04-23 04:00:00,completed,False
51837,309,2025-04-02 01:00:00,completed,True
51838,382,2024-10-01 13:00:00,completed,False
51839,491,2025-05-12 19:00:00,pending,False
51840,123,2024-04-17 18:00:00,completed,True
51841,367,2024-06-24 12:00:00,completed,False
51842,43,2024-03-22 12:00:00,pending,True
51843,272,2024-07-18 14:00:00,pending,True
51844,207,2024-10-08 20:00:00,completed,True
51845,480,2025-02-08 20:00:00,completed,False
51846,387,2024-07-03 02:00:00,completed,True
51847,464,2025-01-20 14:00:00,completed,True
51848,426,2024-11-09 09:00:00,completed,True
51849,206,2024-05-25 19:00:00,completed,True
51850,367,2025-04-01 12:00:00,completed,False
51851,16,2024-08-05 23:00:00,completed,False
51852,279,2024-03-16 10:00:00,completed,True
51853,24,2025-04-26 16:00:00,completed,True
51854,363,2025-04-01 02:00:00,completed,False
51855,484,2024-01-25 22:00:00,completed,True
51856,341,2025-03-27 03:00:00,completed,True
51857,420,2025-04-18 09:00:00,completed,False
51858,118,2025-02-18 20:00:00,completed,False
51859,497,2024-05-07 23:00:00,completed,True
51860,276,2024-11-11 11:00:00,completed,True
51861,338,2024-09-26 11:00:00,completed,False
51862,386,2024-11-06 01:00:00,completed,True
51863,320,2024-11-04 23:00:00,completed,True
51864,159,2024-11-15 00:00:00,completed,False
51865,306,2024-09-14 00:00:00,completed,True
51866,327,2024-12-11 11:00:00,pending,True
51867,429,2024-09-20 00:00:00,completed,True
51868,241,2024-01-09 03:00:00,completed,True
51869,251,2024-01-18 15:00:00,cancelled,True
51870,252,2025-04-24 16:00:00,pending,True
51871,58,2025-03-30 07:00:00,completed,True
51872,46,2024-10-19 19:00:00,completed,False
51873,11,2024-03-28 14:00:00,cancelled,True
51874,334,2025-01-25 05:00:00,completed,True
51875,210,2024-03-12 17:00:00,completed,True
51876,433,2024-07-07 14:00:00,completed,True
51877,352,2024-06-13 19:00:00,completed,False
51878,71,2024-01-07 03:00:00,completed,True
51879,51,2025-02-07 05:00:00,completed,True
51880,184,2024-09-11 07:00:00,completed,False
51881,461,2024-06-07 08:00:00,completed,True
51882,25,2024-09-10 21:00:00,completed,True
51883,94,2024-01-01 17:00:00,pending,False
51884,15,2024-08-06 13:00:00,completed,True
51885,207,2024-09-16 12:00:00,cancelled,False
51886,495,2024-06-18 21:00:00,pending,False
51887,342,2025-02-19 10:00:00,completed,False
51888,247,2024-05-04 05:00:00,completed,True
51889,73,2024-03-09 03:00:00,completed,False
51890,178,2024-09-20 07:00:00,cancelled,False
51891,263,2025-03-19 15:00:00,completed,True
51892,138,2024-07-06 11:00:00,completed,False
51893,353,2024-01-24 10:00:00,pending,True
51894,491,2025-04-29 11:00:00,completed,False
51895,103,2024-08-10 23:00:00,pending,True
51896,127,2024-03-27 23:00:00,completed,True
51897,64,2024-11-03 03:00:00,completed,True
51898,363,2024-06-08 02:00:00,completed,False
51899,231,2025-04-13 05:00:00,completed,True
51900,142,2024-05-26 20:00:00,completed,True
51901,110,2024-10-02 11:00:00,pending,True
51902,36,2024-09-28 20:00:00,completed,False
51903,239,2024-05-01 15:00:00,completed,True
51904,342,2024-09-06 13:00:00,pending,True
51905,118,2024-02-24 06:00:00,completed,True
51906,1,2024-11-17 08:00:00,completed,True
51907,237,2025-01-14 03:00:00,cancelled,True
51908,338,2025-04-20 12:00:00,completed,True
51909,173,2024-06-11 06:00:00,completed,False
51910,126,2024-05-22 07:00:00,completed,False
51911,78,2024-10-01 00:00:00,completed,True
51912,374,2024-12-12 19:00:00,completed,True
51913,431,2025-05-11 22:00:00,completed,True
51914,385,2024-01-13 11:00:00,completed,False
51915,260,2024-04-29 12:00:00,completed,True
51916,363,2024-05-11 22:00:00,completed,True
51917,199,2024-05-07 12:00:00,completed,False
51918,13,2024-08-19 14:00:00,completed,True
51919,184,2025-03-12 10:00:00,completed,True
51920,352,2024-01-16 12:00:00,completed,True
51921,324,2025-02-11 12:00:00,cancelled,True
51922,496,2024-11-04 17:00:00,completed,True
51923,499,2024-11-03 14:00:00,completed,False
51924,122,2024-12-05 12:00:00,completed,True
51925,5,2024-02-27 01:00:00,completed,True
51926,138,2025-01-08 21:00:00,cancelled,False
51927,439,2024-05-04 21:00:00,completed,False
51928,407,2024-09-15 04:00:00,completed,True
51929,50,2024-12-04 07:00:00,completed,False
51930,81,2024-10-28 23:00:00,completed,True
51931,282,2024-06-10 07:00:00,completed,True
51932,331,2024-07-17 19:00:00,cancelled,True
51933,492,2024-08-26 18:00:00,completed,True
51934,378,2024-01-21 20:00:00,completed,False
51935,106,2024-12-29 00:00:00,completed,False
51936,19,2024-02-19 11:00:00,completed,True
51937,317,2024-08-17 13:00:00,completed,True
51938,277,2024-11-23 20:00:00,completed,False
51939,461,2024-02-10 05:00:00,completed,True
51940,288,2025-05-12 07:00:00,completed,True
51941,251,2024-07-07 04:00:00,pending,True
51942,152,2024-01-08 18:00:00,completed,True
51943,44,2024-11-25 23:00:00,pending,True
51944,439,2024-10-05 03:00:00,completed,False
51945,414,2024-11-16 05:00:00,completed,True
51946,82,2025-01-10 07:00:00,pending,True
51947,352,2024-08-25 21:00:00,completed,False
51948,183,2025-02-17 10:00:00,completed,True
51949,219,2024-07-04 06:00:00,completed,False
51950,425,2024-09-29 07:00:00,completed,True
51951,422,2024-03-20 14:00:00,pending,True
51952,96,2024-11-05 09:00:00,completed,True
51953,154,2024-05-10 03:00:00,pending,False
51954,411,2024-12-14 19:00:00,completed,False
51955,459,2025-02-04 10:00:00,completed,False
51956,40,2025-03-05 06:00:00,completed,True
51957,417,2025-04-09 17:00:00,pending,True
51958,245,2024-03-02 17:00:00,completed,False
51959,296,2024-03-09 03:00:00,pending,True
51960,38,2025-04-08 01:00:00,completed,False
51961,341,2024-07-09 01:00:00,completed,True
51962,339,2024-01-14 18:00:00,completed,True
51963,332,2024-05-23 15:00:00,completed,False
51964,396,2025-02-22 19:00:00,cancelled,True
51965,474,2024-06-26 15:00:00,completed,True
51966,425,2024-02-08 09:00:00,completed,True
51967,373,2024-12-27 14:00:00,completed,False
51968,491,2024-04-07 17:00:00,completed,True
51969,338,2024-06-25 09:00:00,completed,True
51970,337,2024-01-02 21:00:00,pending,False
51971,272,2024-10-27 21:00:00,completed,True
51972,385,2024-08-10 19:00:00,completed,False
51973,36,2025-03-09 23:00:00,completed,False
51974,253,2024-06-16 09:00:00,completed,True
51975,213,2024-04-12 02:00:00,completed,False
51976,457,2024-03-23 11:00:00,completed,True
51977,37,2024-04-10 17:00:00,completed,True
51978,322,2024-08-13 18:00:00,completed,True
51979,93,2024-02-13 09:00:00,cancelled,True
51980,442,2024-07-20 07:00:00,cancelled,True
51981,426,2025-03-03 10:00:00,pending,True
51982,118,2025-01-18 19:00:00,completed,True
51983,436,2024-11-14 01:00:00,completed,True
51984,249,2025-03-22 07:00:00,completed,True
51985,486,2025-01-25 05:00:00,completed,False
51986,365,2024-11-22 19:00:00,completed,True
51987,18,2025-03-07 11:00:00,completed,True
51988,102,2024-03-03 02:00:00,cancelled,True
51989,202,2025-02-13 06:00:00,pending,True
51990,106,2024-05-27 01:00:00,completed,True
51991,67,2025-01-01 11:00:00,completed,True
51992,490,2025-04-01 23:00:00,completed,True
51993,435,2024-09-05 13:00:00,completed,False
51994,218,2024-02-14 20:00:00,completed,True
51995,108,2024-07-04 17:00:00,cancelled,True
51996,91,2024-07-22 21:00:00,completed,False
51997,458,2025-04-13 07:00:00,completed,True
51998,166,2025-04-16 22:00:00,completed,True
51999,7,2024-10-11 05:00:00,completed,True
52000,199,2025-04-20 10:00:00,completed,True
